job_id,job_date,year,quarter,month_num,month,season,customer_name,address,city,state,job_type,crew_size,estimated_hours,actual_hours,labor_rate,estimated_material_cost,actual_material_cost,estimated_labor_cost,actual_labor_cost,estimated_total_cost,actual_total_cost,revenue,profit,profit_margin_pct,labor_hours_variance,labor_cost_variance,material_cost_variance,total_cost_variance,total_cost_variance_pct,is_overrun,markup_pct
J001,2025-01-03,2025.0,Q1,1.0,Jan,Winter,Smith Residence,14 Oak St,Brockton,MA,Repaint,2,6,7,55,350,410,330,385,680,795,924.2162284269904,129.21622842699037,0.1398116852448214,1.0,55.0,60.0,115,0.1691176470588235,1,0.3591415123926329
J002,2025-01-04,2025.0,Q1,1.0,Jan,Winter,Johnson Realty,88 Market Ave,Quincy,MA,New Construction,4,18,20,55,1800,2100,990,1100,2790,3200,3595.7533303076707,395.7533303076707,0.1100613123186089,2.0,110.0,300.0,410,0.1469534050179211,1,0.2888004768127851
J003,2025-01-06,2025.0,Q1,1.0,Jan,Winter,Brown Apartments,221 Main St,Weymouth,MA,Patching,2,4,5,55,120,150,220,275,340,425,449.6546021972258,24.65460219722587,0.054830089755007,1.0,55.0,30.0,85,0.25,1,0.3225135358741937
J004,2025-01-08,2025.0,Q1,1.0,Jan,Winter,Davis Home,7 Maple Dr,Braintree,MA,Interior Repaint,3,10,9,55,620,580,550,495,1170,1075,1647.6138215453316,572.6138215453316,0.3475412830709717,-1.0,-55.0,-40.0,-95,-0.0811965811965812,0,0.4082169414917364
J005,2025-01-10,2025.0,Q1,1.0,Jan,Winter,Lee Retail Plaza,500 Granite St,Braintree,MA,Exterior Repaint,4,14,16,55,1500,1700,770,880,2270,2580,3045.1345036526736,465.1345036526736,0.1527467844506505,2.0,110.0,200.0,310,0.1365638766519823,1,0.3414689443403849
J006,2025-01-12,2025.0,Q1,1.0,Jan,Winter,Green Office Park,92 School St,Rockland,MA,New Construction,5,22,25,55,2400,2700,1210,1375,3610,4075,4624.173959406811,549.1739594068113,0.1187615267565018,3.0,165.0,300.0,465,0.1288088642659279,1,0.2809346147941304
J007,2025-01-14,2025.0,Q1,1.0,Jan,Winter,Taylor Residence,12 River Rd,Abington,MA,Patching,2,5,4,55,160,140,275,220,435,360,567.1683172613331,207.16831726133307,0.3652677890430831,-1.0,-55.0,-20.0,-75,-0.1724137931034483,0,0.3038352120950185
J008,2025-01-17,2025.0,Q1,1.0,Jan,Winter,Wilson Home,33 Elm St,Hanover,MA,Repaint,2,7,9,55,400,480,385,495,785,975,1052.3024869503083,77.30248695030855,0.0734603290488649,2.0,110.0,80.0,190,0.2420382165605095,1,0.3405127222296925
J009,2025-01-19,2025.0,Q1,1.0,Jan,Winter,Martinez Condo,99 Union St,Brockton,MA,Interior Repaint,3,9,8,55,550,510,495,440,1045,950,1441.5732837122405,491.5732837122405,0.3409977760175846,-1.0,-55.0,-40.0,-95,-0.0909090909090909,0,0.3794959652748713
J010,2025-01-21,2025.0,Q1,1.0,Jan,Winter,Clark Warehouse,100 Industrial Way,Randolph,MA,Exterior Repaint,5,20,23,55,2100,2350,1100,1265,3200,3615,4398.107782952936,783.1077829529358,0.1780556142776357,3.0,165.0,250.0,415,0.1296875,1,0.3744086821727926
J011,2025-01-23,2025.0,Q1,1.0,Jan,Winter,Hill Residence,5 Cedar Ln,Rockland,MA,Repaint,2,6,6,55,330,325,330,330,660,655,908.412079902284,253.4120799022841,0.2789615918907012,0.0,0.0,-5.0,-5,-0.0075757575757575,0,0.3763819392458848
J012,2025-01-25,2025.0,Q1,1.0,Jan,Winter,Young Realty,240 Centre St,Brockton,MA,New Construction,4,16,19,55,1750,2000,880,1045,2630,3045,3532.967783705344,487.96778370534366,0.1381183791021065,3.0,165.0,250.0,415,0.1577946768060836,1,0.3433337580628685
J013,2025-01-27,2025.0,Q1,1.0,Jan,Winter,Adams School,40 Park Ave,Quincy,MA,Patching,2,4,6,55,130,180,220,330,350,510,455.6933223243928,-54.3066776756072,-0.1191737403537111,2.0,110.0,50.0,160,0.4571428571428571,1,0.3019809209268365
J014,2025-02-02,2025.0,Q1,2.0,Feb,Winter,Baker Home,60 Pine St,Weymouth,MA,Interior Repaint,3,11,13,55,700,810,605,715,1305,1525,1845.0314932527983,320.0314932527985,0.1734558431241635,2.0,110.0,110.0,220,0.1685823754789272,1,0.413817236209041
J015,2025-02-04,2025.0,Q1,2.0,Feb,Winter,Miller Offices,300 Hancock St,Braintree,MA,Exterior Repaint,4,15,17,55,1600,1820,825,935,2425,2755,3429.0113046488364,674.0113046488364,0.1965614122458723,2.0,110.0,220.0,330,0.1360824742268041,1,0.4140252802675614
J016,2025-02-06,2025.0,Q1,2.0,Feb,Winter,Moore Residence,18 Hilltop Rd,Rockland,MA,Repaint,2,6,5,55,320,290,330,275,650,565,860.7437969737769,295.74379697377685,0.3435909709876037,-1.0,-55.0,-30.0,-85,-0.1307692307692307,0,0.3242212261135028
J017,2025-02-08,2025.0,Q1,2.0,Feb,Winter,King Apartments,410 Pleasant St,Abington,MA,Patching,2,5,7,55,180,240,275,385,455,625,596.533448202726,-28.46655179727395,-0.0477199591792208,2.0,110.0,60.0,170,0.3736263736263736,1,0.3110625235224749
J018,2025-02-10,2025.0,Q1,2.0,Feb,Winter,Harris Plaza,50 Liberty St,Hanover,MA,New Construction,5,24,27,55,2600,3000,1320,1485,3920,4485,5061.63540614251,576.63540614251,0.1139227462813181,3.0,165.0,400.0,565,0.1441326530612245,1,0.29123352197513
J019,2025-02-12,2025.0,Q1,2.0,Feb,Winter,Walker Home,77 Grove St,Quincy,MA,Interior Repaint,3,8,9,55,520,560,440,495,960,1055,1350.0993686776494,295.0993686776494,0.2185760363451495,1.0,55.0,40.0,95,0.0989583333333333,1,0.4063535090392182
J020,2025-02-14,2025.0,Q1,2.0,Feb,Winter,Allen Retail,10 Washington St,Brockton,MA,Exterior Repaint,4,13,15,55,1450,1680,715,825,2165,2505,3027.757312081443,522.7573120814432,0.1726549581749905,2.0,110.0,230.0,340,0.1570438799076212,1,0.3985022226704124
J021,2025-02-16,2025.0,Q1,2.0,Feb,Winter,Carter Residence,25 Birch St,Brockton,MA,Repaint,2,6,8,55,340,420,330,440,670,860,900.7842664927404,40.78426649274036,0.045276397479206,2.0,110.0,80.0,190,0.2835820895522388,1,0.3444541290936421
J022,2025-02-17,2025.0,Q1,2.0,Feb,Winter,North Shore Dental,410 Adams St,Quincy,MA,Interior Repaint,3,9,10,55,600,690,495,550,1095,1240,1488.7314644663306,248.73146446633064,0.1670761117119896,1.0,55.0,90.0,145,0.1324200913242009,1,0.3595721136678818
J023,2025-02-18,2025.0,Q1,2.0,Feb,Winter,Granite Auto Shop,12 Liberty Way,Rockland,MA,Exterior Repaint,4,13,12,55,1350,1280,715,660,2065,1940,2966.7364359308563,1026.7364359308565,0.3460827943782956,-1.0,-55.0,-70.0,-125,-0.0605326876513317,0,0.4366762401602209
J024,2025-02-19,2025.0,Q1,2.0,Feb,Winter,Patel Residence,7 Forest Ave,Weymouth,MA,Patching,2,4,5,55,140,165,220,275,360,440,466.3310815936569,26.331081593656904,0.0564643504003038,1.0,55.0,25.0,80,0.2222222222222222,1,0.2953641155379359
J025,2025-02-20,2025.0,Q1,2.0,Feb,Winter,Hanover Daycare,88 Center St,Hanover,MA,New Construction,5,21,24,55,2300,2600,1155,1320,3455,3920,4516.203821232793,596.2038212327934,0.1320143742029001,3.0,165.0,300.0,465,0.1345875542691751,1,0.3071501653351068
J026,2025-02-22,2025.0,Q1,2.0,Feb,Winter,Lopez Apartments,510 Union St,Brockton,MA,Interior Repaint,3,11,12,55,710,820,605,660,1315,1480,1800.8083314332391,320.80833143323935,0.1781468498526504,1.0,55.0,110.0,165,0.1254752851711026,1,0.3694359934853531
J027,2025-02-23,2025.0,Q1,2.0,Feb,Winter,Kelly Residence,3 Sunset Rd,Abington,MA,Repaint,2,5,6,55,310,350,275,330,585,680,799.0920262064612,119.09202620646124,0.1490341816722013,1.0,55.0,40.0,95,0.1623931623931624,1,0.3659692755666004
J028,2025-02-24,2025.0,Q1,2.0,Feb,Winter,Pine Market,150 Main St,Randolph,MA,Exterior Repaint,4,14,16,55,1500,1730,770,880,2270,2610,3202.886740783193,592.8867407831935,0.1851101174555477,2.0,110.0,230.0,340,0.1497797356828193,1,0.4109633219309224
J029,2025-02-25,2025.0,Q1,2.0,Feb,Winter,Bright Future School,91 Maple Ave,Quincy,MA,Patching,2,5,7,55,160,225,275,385,435,610,570.8861605813277,-39.11383941867234,-0.0685142540131698,2.0,110.0,65.0,175,0.4022988505747126,1,0.3123819783478796
J030,2025-02-26,2025.0,Q1,2.0,Feb,Winter,Thompson Home,18 Highland Dr,Rockland,MA,Interior Repaint,3,8,7,55,480,450,440,385,920,835,1281.4906596830176,446.4906596830176,0.3484150713930752,-1.0,-55.0,-30.0,-85,-0.092391304347826,0,0.3929246300902365
J031,2025-02-27,2025.0,Q1,2.0,Feb,Winter,Eastside Storage,320 Industrial Rd,Braintree,MA,Exterior Repaint,4,16,18,55,1650,1900,880,990,2530,2890,3704.551052906068,814.551052906068,0.2198784795439885,2.0,110.0,250.0,360,0.1422924901185771,1,0.4642494280261138
J032,2025-02-28,2025.0,Q1,2.0,Feb,Winter,Nguyen Residence,41 Spruce St,Weymouth,MA,Repaint,2,6,5,55,330,300,330,275,660,575,882.9529826755846,307.9529826755846,0.3487761961485247,-1.0,-55.0,-30.0,-85,-0.1287878787878787,0,0.3378075495084615
J033,2025-03-01,2025.0,Q1,3.0,Mar,Spring,South Shore Gym,600 Pleasant St,Hanover,MA,New Construction,5,23,26,55,2500,2850,1265,1430,3765,4280,4911.94218375137,631.9421837513701,0.1286542390180864,3.0,165.0,350.0,515,0.1367861885790172,1,0.3046327181278538
J034,2025-03-02,2025.0,Q1,3.0,Mar,Spring,Roberts Office,77 Court St,Brockton,MA,Interior Repaint,3,10,12,55,640,760,550,660,1190,1420,1613.1483136015509,193.14831360155085,0.1197337603573,2.0,110.0,120.0,230,0.1932773109243697,1,0.3555868181525636
J035,2025-03-03,2025.0,Q1,3.0,Mar,Spring,Murphy Home,9 Lakeside Ave,Abington,MA,Patching,2,4,3,55,125,110,220,165,345,275,454.8753870236564,179.8753870236564,0.3954388216091845,-1.0,-55.0,-15.0,-70,-0.2028985507246377,0,0.3184793826772648
J036,2025-03-05,2025.0,Q1,3.0,Mar,Spring,West End Retail,210 Washington St,Quincy,MA,Exterior Repaint,4,15,17,55,1580,1820,825,935,2405,2755,3448.455350919812,693.4553509198122,0.2010915845944897,2.0,110.0,240.0,350,0.1455301455301455,1,0.4338691687816268
J037,2025-03-06,2025.0,Q1,3.0,Mar,Spring,Young Residence,55 Cherry St,Rockland,MA,Repaint,2,6,7,55,345,390,330,385,675,775,908.9425639824888,133.94256398248876,0.1473608666708551,1.0,55.0,45.0,100,0.1481481481481481,1,0.3465815762703537
J038,2025-03-07,2025.0,Q1,3.0,Mar,Spring,BlueWave Salon,14 Park St,Weymouth,MA,Interior Repaint,3,9,11,55,590,710,495,605,1085,1315,1469.9529066748696,154.9529066748696,0.1054135176516527,2.0,110.0,120.0,230,0.2119815668202765,1,0.3547953056911241
J039,2025-03-08,2025.0,Q1,3.0,Mar,Spring,Garcia Apartments,402 Franklin St,Brockton,MA,New Construction,5,20,22,55,2200,2450,1100,1210,3300,3660,4274.376359646568,614.3763596465678,0.1437347364744849,2.0,110.0,250.0,360,0.109090909090909,1,0.2952655635292628
J040,2025-03-10,2025.0,Q1,3.0,Mar,Spring,Shaw Residence,6 Meadow Ln,Braintree,MA,Patching,2,5,6,55,155,195,275,330,430,525,567.3926469629386,42.39264696293856,0.0747148331756713,1.0,55.0,40.0,95,0.2209302325581395,1,0.319517783634741
J041,2025-03-11,2025.0,Q1,3.0,Mar,Spring,Oak Street Realty,72 Oak St,Hingham,MA,Interior Repaint,3,10,12,55,650,780,550,660,1200,1440,1682.7571501633238,242.7571501633238,0.1442615472706578,2.0,110.0,130.0,240,0.2,1,0.4022976251361033
J042,2025-03-12,2025.0,Q1,3.0,Mar,Spring,Pinecrest Condos,510 Water St,Plymouth,MA,Exterior Repaint,4,16,15,55,1600,1520,880,825,2480,2345,3512.4106775619066,1167.4106775619066,0.3323673638221169,-1.0,-55.0,-80.0,-135,-0.0544354838709677,0,0.4162946280491558
J043,2025-03-13,2025.0,Q1,3.0,Mar,Spring,Anderson Residence,8 Harbor View Rd,Scituate,MA,Repaint,2,6,7,55,330,380,330,385,660,765,877.8229077956838,112.82290779568382,0.1285258185833807,1.0,55.0,50.0,105,0.1590909090909091,1,0.3300347087813391
J044,2025-03-14,2025.0,Q1,3.0,Mar,Spring,Bayside Cafe,210 Front St,Marshfield,MA,Patching,2,5,6,55,180,230,275,330,455,560,594.6690020598606,34.669002059860645,0.0582996624000434,1.0,55.0,50.0,105,0.2307692307692307,1,0.3069648396920015
J045,2025-03-15,2025.0,Q1,3.0,Mar,Spring,Central Storage,45 Commerce Way,Norwell,MA,New Construction,5,24,27,55,2600,2950,1320,1485,3920,4435,5188.1222511549495,753.1222511549495,0.1451627804235518,3.0,165.0,350.0,515,0.1313775510204081,1,0.3235005742742218
J046,2025-03-16,2025.0,Q1,3.0,Mar,Spring,Thomas Residence,33 Cedar St,Holbrook,MA,Repaint,2,7,6,55,360,340,385,330,745,670,1010.6376901368934,340.6376901368934,0.3370522329231094,-1.0,-55.0,-20.0,-75,-0.1006711409395973,0,0.3565606579018703
J047,2025-03-17,2025.0,Q1,3.0,Mar,Spring,Harbor Medical,120 Main St,Weymouth,MA,Interior Repaint,3,11,13,55,720,860,605,715,1325,1575,1863.1392939234404,288.1392939234404,0.1546525774337946,2.0,110.0,140.0,250,0.1886792452830188,1,0.4061428633384457
J048,2025-03-18,2025.0,Q1,3.0,Mar,Spring,Lighthouse Apartments,9 Ocean Ave,Hull,MA,Exterior Repaint,4,15,18,55,1500,1780,825,990,2325,2770,3270.595789527034,500.595789527034,0.1530595101754918,3.0,165.0,280.0,445,0.1913978494623656,1,0.4067078664632405
J049,2025-03-19,2025.0,Q1,3.0,Mar,Spring,Bennett Home,4 Prospect St,Whitman,MA,Patching,2,4,5,55,140,165,220,275,360,440,475.3322664811765,35.332266481176475,0.0743317232443248,1.0,55.0,25.0,80,0.2222222222222222,1,0.3203674068921568
J050,2025-03-20,2025.0,Q1,3.0,Mar,Spring,Greenfield School,78 School St,Milton,MA,New Construction,5,22,24,55,2400,2650,1210,1320,3610,3970,4772.518813225647,802.5188132256471,0.1681541434685809,2.0,110.0,250.0,360,0.0997229916897507,1,0.3220273720846667
J051,2025-03-21,2025.0,Q1,3.0,Mar,Spring,Coastal Retail,310 Washington St,Kingston,MA,Exterior Repaint,4,14,13,55,1480,1400,770,715,2250,2115,3169.515559411574,1054.515559411574,0.3327055947967476,-1.0,-55.0,-80.0,-135,-0.06,0,0.4086735819606995
J052,2025-03-22,2025.0,Q1,3.0,Mar,Spring,Foster Residence,19 Willow Dr,Rockland,MA,Interior Repaint,3,9,10,55,600,690,495,550,1095,1240,1531.8378182187962,291.8378182187962,0.1905148278413324,1.0,55.0,90.0,145,0.1324200913242009,1,0.3989386467751562
J053,2025-03-23,2025.0,Q1,3.0,Mar,Spring,South Shore Bank,2 Depot St,Abington,MA,Patching,2,5,4,55,175,160,275,220,450,380,565.3283964319485,185.32839643194848,0.3278243187528568,-1.0,-55.0,-15.0,-70,-0.1555555555555555,0,0.25628532540433
J054,2025-03-24,2025.0,Q1,3.0,Mar,Spring,Loft Office Suites,155 Summer St,Boston,MA,New Construction,5,26,29,55,2800,3200,1430,1595,4230,4795,5543.033722644258,748.033722644258,0.1349502384566794,3.0,165.0,400.0,565,0.1335697399527186,1,0.3104098635092809
J055,2025-03-25,2025.0,Q1,3.0,Mar,Spring,McCarthy Residence,11 Elm Ct,Braintree,MA,Repaint,2,6,8,55,345,430,330,440,675,870,901.7249537505708,31.72495375057088,0.0351825172616287,2.0,110.0,85.0,195,0.2888888888888888,1,0.3358888203712161
J056,2025-03-26,2025.0,Q1,3.0,Mar,Spring,Riverside Dental,88 River Rd,Hanover,MA,Interior Repaint,3,10,9,55,640,600,550,495,1190,1095,1619.3920608177127,524.3920608177127,0.3238203233829124,-1.0,-55.0,-40.0,-95,-0.0798319327731092,0,0.3608336645526998
J057,2025-03-27,2025.0,Q1,3.0,Mar,Spring,Town Hall Annex,1 Municipal Dr,Quincy,MA,Exterior Repaint,4,18,20,55,1750,2050,990,1100,2740,3150,3813.383306949167,663.3833069491666,0.1739618741552354,2.0,110.0,300.0,410,0.1496350364963503,1,0.3917457324631995
J058,2025-03-28,2025.0,Q1,3.0,Mar,Spring,Brooks Apartments,400 Broad St,Brockton,MA,New Construction,5,23,25,55,2500,2780,1265,1375,3765,4155,5138.653621103925,983.6536211039248,0.1914224412916566,2.0,110.0,280.0,390,0.1035856573705179,1,0.3648482393370318
J059,2025-03-29,2025.0,Q1,3.0,Mar,Spring,Lane Residence,6 Garden St,Norwood,MA,Repaint,2,7,6,55,370,340,385,330,755,670,999.638925229548,329.63892522954814,0.3297579925210023,-1.0,-55.0,-30.0,-85,-0.1125827814569536,0,0.3240250665292027
J060,2025-03-30,2025.0,Q1,3.0,Mar,Spring,Evergreen Market,90 Park Ave,Canton,MA,Interior Repaint,3,9,11,55,610,750,495,605,1105,1355,1556.9984274547076,201.99842745470755,0.1297357941362363,2.0,110.0,140.0,250,0.2262443438914027,1,0.4090483506377444
J061,2025-04-01,2025.0,Q2,4.0,Apr,Spring,Mason Residence,12 Bay St,Hingham,MA,Repaint,2,6,7,55,340,390,330,385,670,775,870.6743175905223,95.67431759052226,0.1098853103365773,1.0,55.0,50.0,105,0.1567164179104477,1,0.2995139068515258
J062,2025-04-01,2025.0,Q2,4.0,Apr,Spring,Harbor Storage,88 Wharf Rd,Scituate,MA,Exterior Repaint,4,14,16,55,1500,1710,770,880,2270,2590,3155.1943294579687,565.1943294579687,0.1791313847711762,2.0,110.0,210.0,320,0.1409691629955947,1,0.3899534491004268
J063,2025-04-02,2025.0,Q2,4.0,Apr,Spring,Cole Home,5 Oak Ave,Rockland,MA,Patching,2,4,3,55,120,110,220,165,340,275,443.66008126407104,168.66008126407104,0.380156088831627,-1.0,-55.0,-10.0,-65,-0.1911764705882352,0,0.3048825919531501
J064,2025-04-02,2025.0,Q2,4.0,Apr,Spring,Beacon Offices,120 Main St,Quincy,MA,Interior Repaint,3,9,10,55,620,700,495,550,1115,1250,1558.3091369839678,308.30913698396785,0.197848507505183,1.0,55.0,80.0,135,0.1210762331838565,1,0.3975866699407783
J065,2025-04-03,2025.0,Q2,4.0,Apr,Spring,Taylor Realty,91 Union St,Braintree,MA,New Construction,5,22,24,55,2350,2600,1210,1320,3560,3920,4775.158998721878,855.1589987218777,0.1790849265858519,2.0,110.0,250.0,360,0.1011235955056179,1,0.3413367973937856
J066,2025-04-03,2025.0,Q2,4.0,Apr,Spring,Parker Residence,33 Elm St,Weymouth,MA,Repaint,2,7,8,55,360,410,385,440,745,850,1023.4813107067184,173.48131070671843,0.1695012003559975,1.0,55.0,50.0,105,0.1409395973154362,1,0.3738004170559977
J067,2025-04-04,2025.0,Q2,4.0,Apr,Spring,South Shore Clinic,410 Adams St,Quincy,MA,Interior Repaint,3,11,12,55,710,820,605,660,1315,1480,1800.9427958997992,320.9427958997992,0.1782082121822462,1.0,55.0,110.0,165,0.1254752851711026,1,0.3695382478325468
J068,2025-04-04,2025.0,Q2,4.0,Apr,Spring,Green Market,18 River Rd,Hanover,MA,Exterior Repaint,4,15,14,55,1550,1480,825,770,2375,2250,3292.0574347726497,1042.0574347726497,0.3165368330958704,-1.0,-55.0,-70.0,-125,-0.0526315789473684,0,0.386129446220063
J069,2025-04-05,2025.0,Q2,4.0,Apr,Spring,Lopez Home,7 Forest St,Abington,MA,Patching,2,5,6,55,170,210,275,330,445,540,589.9539780147829,49.95397801478293,0.08467436423241,1.0,55.0,40.0,95,0.2134831460674157,1,0.3257392764377146
J070,2025-04-05,2025.0,Q2,4.0,Apr,Spring,Metro Apartments,510 Center St,Brockton,MA,New Construction,5,23,26,55,2500,2820,1265,1430,3765,4250,4948.192176504621,698.1921765046209,0.1411004568132639,3.0,165.0,320.0,485,0.1288180610889774,1,0.3142608702535515
J071,2025-04-06,2025.0,Q2,4.0,Apr,Spring,Young Residence,4 Hilltop Rd,Rockland,MA,Repaint,2,6,5,55,320,295,330,275,650,570,852.6241166949104,282.6241166949104,0.3314756305398292,-1.0,-55.0,-25.0,-80,-0.123076923076923,0,0.3117294102998623
J072,2025-04-06,2025.0,Q2,4.0,Apr,Spring,Hill Dental,99 Grove St,Weymouth,MA,Interior Repaint,3,8,9,55,510,560,440,495,950,1055,1278.7013144009009,223.70131440090088,0.1749441498820307,1.0,55.0,50.0,105,0.1105263157894736,1,0.3460013835798955
J073,2025-04-07,2025.0,Q2,4.0,Apr,Spring,Oceanview Cafe,42 Front St,Hull,MA,Exterior Repaint,4,13,15,55,1400,1630,715,825,2115,2455,2902.660752453198,447.6607524531978,0.1542242758044856,2.0,110.0,230.0,340,0.1607565011820331,1,0.3724164314199517
J074,2025-04-07,2025.0,Q2,4.0,Apr,Spring,Baker School,1 School Ln,Whitman,MA,New Construction,5,24,27,55,2700,3050,1320,1485,4020,4535,5366.357585732884,831.3575857328842,0.1549202736588314,3.0,165.0,350.0,515,0.1281094527363184,1,0.3349148223216129
J075,2025-04-08,2025.0,Q2,4.0,Apr,Spring,Allen Residence,6 Cherry St,Braintree,MA,Repaint,2,6,7,55,335,380,330,385,665,765,900.5913934346077,135.59139343460765,0.1505581714671949,1.0,55.0,45.0,100,0.150375939849624,1,0.3542727720821169
J076,2025-04-08,2025.0,Q2,4.0,Apr,Spring,Central Offices,55 Liberty St,Milton,MA,Interior Repaint,3,10,11,55,640,720,550,605,1190,1325,1666.8503271402194,341.8503271402194,0.2050875963930876,1.0,55.0,80.0,135,0.1134453781512605,1,0.400714560622033
J077,2025-04-09,2025.0,Q2,4.0,Apr,Spring,Stone Retail,21 Pleasant St,Norwell,MA,Exterior Repaint,4,16,18,55,1650,1920,880,990,2530,2910,3509.571524143057,599.5715241430571,0.170838952851789,2.0,110.0,270.0,380,0.150197628458498,1,0.387182420609904
J078,2025-04-09,2025.0,Q2,4.0,Apr,Spring,Murphy Home,2 Meadow Rd,Holbrook,MA,Patching,2,4,5,55,140,180,220,275,360,455,469.7122286636285,14.71222866362848,0.0313217918670885,1.0,55.0,40.0,95,0.2638888888888889,1,0.3047561907323014
J079,2025-04-10,2025.0,Q2,4.0,Apr,Spring,King Storage,300 Depot St,Kingston,MA,New Construction,5,25,28,55,2800,3200,1375,1540,4175,4740,5589.355196844408,849.355196844408,0.1519594241074408,3.0,165.0,400.0,565,0.1353293413173652,1,0.3387677118190201
J080,2025-04-10,2025.0,Q2,4.0,Apr,Spring,Dunn Residence,9 Pine St,Rockland,MA,Repaint,2,5,6,55,300,345,275,330,575,675,770.9137721898259,95.91377218982586,0.1244156942706797,1.0,55.0,45.0,100,0.1739130434782608,1,0.3407196038083928
J081,2025-04-11,2025.0,Q2,4.0,Apr,Spring,Foster Home,8 Birch Rd,Hingham,MA,Interior Repaint,3,9,8,55,550,520,495,440,1045,960,1456.4199036974248,496.4199036974248,0.3408494366474666,-1.0,-55.0,-30.0,-85,-0.0813397129186602,0,0.3937032571267223
J082,2025-04-11,2025.0,Q2,4.0,Apr,Spring,Boston Gym,14 Washington St,Boston,MA,Exterior Repaint,4,17,19,55,1750,2050,935,1045,2685,3095,3705.6818654470817,610.6818654470817,0.16479608547654,2.0,110.0,300.0,410,0.1527001862197393,1,0.3801422217680005
J083,2025-04-12,2025.0,Q2,4.0,Apr,Spring,Riverside Apts,400 Court St,Brockton,MA,New Construction,5,22,24,55,2400,2650,1210,1320,3610,3970,4725.8812684170025,755.8812684170025,0.1599450399798544,2.0,110.0,250.0,360,0.0997229916897507,1,0.3091083846030478
J084,2025-04-12,2025.0,Q2,4.0,Apr,Spring,Nguyen Residence,11 Oak St,Quincy,MA,Repaint,2,6,7,55,330,380,330,385,660,765,883.441589698833,118.441589698833,0.1340683878593603,1.0,55.0,50.0,105,0.1590909090909091,1,0.3385478631800501
J085,2025-04-13,2025.0,Q2,4.0,Apr,Spring,Hayes Clinic,67 Center St,Weymouth,MA,Interior Repaint,3,10,12,55,610,760,550,660,1160,1420,1559.1847803335013,139.1847803335013,0.089267662235473,2.0,110.0,150.0,260,0.2241379310344827,1,0.3441248106323288
J086,2025-04-13,2025.0,Q2,4.0,Apr,Spring,Garage Pro,55 Industrial Way,Randolph,MA,Exterior Repaint,4,14,13,55,1480,1420,770,715,2250,2135,3182.870642453027,1047.870642453027,0.3292218755222288,-1.0,-55.0,-60.0,-115,-0.0511111111111111,0,0.4146091744235675
J087,2025-04-14,2025.0,Q2,4.0,Apr,Spring,Brooks Home,10 Harbor Rd,Scituate,MA,Patching,2,5,6,55,160,210,275,330,435,540,559.3742994603545,19.37429946035445,0.0346356625233683,1.0,55.0,50.0,105,0.2413793103448276,1,0.2859179297939183
J088,2025-04-14,2025.0,Q2,4.0,Apr,Spring,Lincoln School,40 Park Ave,Hingham,MA,New Construction,5,23,25,55,2500,2750,1265,1375,3765,4125,4971.211210710292,846.2112107102921,0.1702223411644955,2.0,110.0,250.0,360,0.095617529880478,1,0.3203748235618306
J089,2025-04-15,2025.0,Q2,4.0,Apr,Spring,Moore Residence,15 Maple St,Rockland,MA,Repaint,2,6,5,55,320,295,330,275,650,570,886.8745598486653,316.8745598486653,0.3572935499499909,-1.0,-55.0,-25.0,-80,-0.123076923076923,0,0.3644223997671773
J090,2025-04-15,2025.0,Q2,4.0,Apr,Spring,Smith Plaza,77 Granite St,Braintree,MA,Exterior Repaint,4,16,18,55,1680,1950,880,990,2560,2940,3618.2935943191,678.2935943191001,0.1874622875777837,2.0,110.0,270.0,380,0.1484375,1,0.4133959352808983
J091,2025-04-16,2025.0,Q2,4.0,Apr,Spring,Harbor View Condo,18 Bay Rd,Hingham,MA,Interior Repaint,3,9,11,55,620,760,495,605,1115,1365,1560.9571318951398,195.9571318951398,0.1255365236438175,2.0,110.0,140.0,250,0.2242152466367713,1,0.3999615532691836
J092,2025-04-16,2025.0,Q2,4.0,Apr,Spring,Parkside Retail,410 Main St,Quincy,MA,Exterior Repaint,4,15,16,55,1550,1680,825,880,2375,2560,3317.982909228704,757.9829092287036,0.2284468998078425,1.0,55.0,130.0,185,0.0778947368421052,1,0.3970454354647173
J093,2025-04-17,2025.0,Q2,4.0,Apr,Spring,Reed Residence,6 Elm St,Rockland,MA,Repaint,2,6,5,55,320,300,330,275,650,575,869.245682915139,294.245682915139,0.3385069246801943,-1.0,-55.0,-20.0,-75,-0.1153846153846153,0,0.3373010506386754
J094,2025-04-17,2025.0,Q2,4.0,Apr,Spring,Coastal Storage,12 Ocean Ave,Hull,MA,New Construction,5,23,25,55,2450,2750,1265,1375,3715,4125,4894.915405394482,769.9154053944821,0.1572888071867371,2.0,110.0,300.0,410,0.1103633916554508,1,0.317608453672808
J095,2025-04-18,2025.0,Q2,4.0,Apr,Spring,Mason Home,45 Birch Rd,Weymouth,MA,Patching,2,5,6,55,170,220,275,330,445,550,555.9740853066603,5.9740853066603,0.0107452585732753,1.0,55.0,50.0,105,0.2359550561797752,1,0.249379966981259
J096,2025-04-18,2025.0,Q2,4.0,Apr,Spring,South Shore Bank,90 Depot St,Abington,MA,Interior Repaint,3,10,12,55,640,790,550,660,1190,1450,1590.5380847344957,140.53808473449567,0.0883588303124192,2.0,110.0,150.0,260,0.2184873949579832,1,0.3365866258273073
J097,2025-04-19,2025.0,Q2,4.0,Apr,Spring,Lakeside Apts,300 Grove St,Braintree,MA,Exterior Repaint,4,16,18,55,1700,1980,880,990,2580,2970,3509.623050003769,539.6230500037695,0.1537552729496662,2.0,110.0,280.0,390,0.1511627906976744,1,0.3603190116293679
J098,2025-04-19,2025.0,Q2,4.0,Apr,Spring,Grant Residence,11 Cedar Ln,Hanover,MA,Repaint,2,7,8,55,360,410,385,440,745,850,983.4615334031068,133.46153340310684,0.135705900912347,1.0,55.0,50.0,105,0.1409395973154362,1,0.3200825951719555
J099,2025-04-20,2025.0,Q2,4.0,Apr,Spring,Liberty Market,210 Washington St,Brockton,MA,Interior Repaint,3,8,7,55,500,470,440,385,940,855,1308.4736331936008,453.4736331936008,0.3465668865537661,-1.0,-55.0,-30.0,-85,-0.0904255319148936,0,0.3919932268017031
J100,2025-04-20,2025.0,Q2,4.0,Apr,Spring,Ocean Dental,75 Front St,Scituate,MA,Patching,2,4,5,55,140,180,220,275,360,455,458.2208262021113,3.2208262021113114,0.0070289825733295,1.0,55.0,40.0,95,0.2638888888888889,1,0.2728356283391981
J101,2025-04-21,2025.0,Q2,4.0,Apr,Spring,Pinecrest Offices,62 Center St,Norwell,MA,New Construction,5,24,26,55,2600,2900,1320,1430,3920,4330,5129.928083644968,799.928083644968,0.1559335863197121,2.0,110.0,300.0,410,0.1045918367346938,1,0.3086551233788183
J102,2025-04-21,2025.0,Q2,4.0,Apr,Spring,Hall Residence,9 Cherry St,Rockland,MA,Repaint,2,6,7,55,330,380,330,385,660,765,916.724720296164,151.72472029616404,0.1655073948994707,1.0,55.0,50.0,105,0.1590909090909091,1,0.3889768489335819
J103,2025-04-22,2025.0,Q2,4.0,Apr,Spring,Shoreline Cafe,8 Harbor St,Hingham,MA,Exterior Repaint,4,14,13,55,1500,1420,770,715,2270,2135,3153.7384235707173,1018.7384235707171,0.3230256561409059,-1.0,-55.0,-80.0,-135,-0.0594713656387665,0,0.3893120808681573
J104,2025-04-22,2025.0,Q2,4.0,Apr,Spring,Whitman School,33 School Ln,Whitman,MA,Interior Repaint,3,9,10,55,610,690,495,550,1105,1240,1549.348641094684,309.3486410946839,0.1996636734235073,1.0,55.0,80.0,135,0.1221719457013574,1,0.4021254670540126
J105,2025-04-23,2025.0,Q2,4.0,Apr,Spring,Kelly Home,7 Sunset Dr,Abington,MA,Patching,2,5,4,55,160,150,275,220,435,370,553.3162892758711,183.3162892758711,0.3313047037089373,-1.0,-55.0,-10.0,-65,-0.1494252873563218,0,0.2719914695997036
J106,2025-04-23,2025.0,Q2,4.0,Apr,Spring,Beacon Auto Shop,120 Adams St,Quincy,MA,Exterior Repaint,4,15,17,55,1600,1850,825,935,2425,2785,3380.05441766513,595.0544176651301,0.1760487684917751,2.0,110.0,250.0,360,0.1484536082474226,1,0.3938368732639711
J107,2025-04-24,2025.0,Q2,4.0,Apr,Spring,Westbrook Realty,91 Union Ave,Brockton,MA,New Construction,5,25,28,55,2750,3150,1375,1540,4125,4690,5327.434770704816,637.4347707048155,0.1196513515679298,3.0,165.0,400.0,565,0.1369696969696969,1,0.2914993383526825
J108,2025-04-24,2025.0,Q2,4.0,Apr,Spring,Turner Residence,5 Maple Ct,Weymouth,MA,Repaint,2,6,5,55,310,290,330,275,640,565,857.4905649427092,292.4905649427092,0.3411006218619456,-1.0,-55.0,-20.0,-75,-0.1171875,0,0.3398290077229831
J109,2025-04-25,2025.0,Q2,4.0,Apr,Spring,Canton Retail,77 Washington St,Canton,MA,Interior Repaint,3,10,11,55,640,720,550,605,1190,1325,1672.199000507229,347.1990005072289,0.207630192579898,1.0,55.0,80.0,135,0.1134453781512605,1,0.4052092441237219
J110,2025-04-25,2025.0,Q2,4.0,Apr,Spring,Marshfield Gym,42 Forest St,Marshfield,MA,Exterior Repaint,4,17,19,55,1800,2100,935,1045,2735,3145,3687.273359277068,542.2733592770678,0.1470662211448805,2.0,110.0,300.0,410,0.149908592321755,1,0.3481803873042295
J111,2025-04-26,2025.0,Q2,4.0,Apr,Spring,Douglas Residence,18 Oak St,Randolph,MA,Repaint,2,6,8,55,330,430,330,440,660,870,899.6015881422079,29.601588142207905,0.0329052199689186,2.0,110.0,100.0,210,0.3181818181818182,1,0.3630327093063757
J112,2025-04-26,2025.0,Q2,4.0,Apr,Spring,North Plaza,510 Granite St,Braintree,MA,New Construction,5,22,23,55,2400,2520,1210,1265,3610,3785,4790.946765732586,1005.9467657325858,0.2099682619994142,1.0,55.0,120.0,175,0.0484764542936288,1,0.3271320680699683
J113,2025-04-27,2025.0,Q2,4.0,Apr,Spring,Bayside School,40 Park Ave,Quincy,MA,Patching,2,4,6,55,150,210,220,330,370,540,474.4049354917656,-65.59506450823443,-0.1382680904030624,2.0,110.0,60.0,170,0.4594594594594595,1,0.2821755013290961
J114,2025-04-27,2025.0,Q2,4.0,Apr,Spring,Greene Apartments,410 Pleasant St,Brockton,MA,Interior Repaint,3,9,10,55,600,680,495,550,1095,1230,1463.5969994833392,233.59699948333923,0.1596047269609057,1.0,55.0,80.0,135,0.1232876712328767,1,0.3366182643683463
J115,2025-04-28,2025.0,Q2,4.0,Apr,Spring,Anderson Home,3 Hilltop Rd,Rockland,MA,Repaint,2,7,6,55,360,330,385,330,745,660,1007.362094497405,347.362094497405,0.3448234715151869,-1.0,-55.0,-30.0,-85,-0.1140939597315436,0,0.352163885231416
J116,2025-04-28,2025.0,Q2,4.0,Apr,Spring,Hingham Medical,120 Main St,Hingham,MA,Exterior Repaint,4,14,16,55,1500,1720,770,880,2270,2600,3141.941546512755,541.9415465127549,0.1724861963502333,2.0,110.0,220.0,330,0.145374449339207,1,0.3841152187280859
J117,2025-04-29,2025.0,Q2,4.0,Apr,Spring,Lopez Condo,99 Cedar St,Weymouth,MA,Interior Repaint,3,11,12,55,720,820,605,660,1325,1480,1837.7488794013493,357.74887940134954,0.1946669011262773,1.0,55.0,100.0,155,0.1169811320754717,1,0.3869802863406411
J118,2025-04-29,2025.0,Q2,4.0,Apr,Spring,Parkway Storage,55 Depot Rd,Kingston,MA,New Construction,5,24,26,55,2650,2950,1320,1430,3970,4380,5243.0025905318425,863.0025905318425,0.1646008323723335,2.0,110.0,300.0,410,0.1032745591939546,1,0.3206555643657033
J119,2025-04-30,2025.0,Q2,4.0,Apr,Spring,Martin Residence,14 River St,Abington,MA,Patching,2,5,6,55,170,210,275,330,445,540,599.8837481991343,59.88374819913429,0.0998255885059509,1.0,55.0,40.0,95,0.2134831460674157,1,0.3480533667396274
J120,2025-04-30,2025.0,Q2,4.0,Apr,Spring,Granite Plaza,88 Centre St,Brockton,MA,Exterior Repaint,4,16,15,55,1650,1580,880,825,2530,2405,3523.832907874797,1118.8329078747977,0.3175045290525874,-1.0,-55.0,-70.0,-125,-0.0494071146245059,0,0.3928193311758093
J121,2025-05-01,2025.0,Q2,5.0,May,Spring,Santos Home,7 Grove St,Rockland,MA,Repaint,2,6,7,55,330,390,330,385,660,775,870.7347496460872,95.73474964608717,0.1099470874281735,1.0,55.0,60.0,115,0.1742424242424242,1,0.319295075221344
J122,2025-05-01,2025.0,Q2,5.0,May,Spring,Blue Harbor Cafe,21 Wharf Rd,Scituate,MA,Interior Repaint,3,10,9,55,620,590,550,495,1170,1085,1620.8925747869669,535.8925747869669,0.33061572563339,-1.0,-55.0,-30.0,-85,-0.0726495726495726,0,0.3853782690486895
J123,2025-05-02,2025.0,Q2,5.0,May,Spring,Metro Dental,410 Adams St,Quincy,MA,Patching,2,4,5,55,140,175,220,275,360,450,470.37596418689503,20.37596418689504,0.0433184638209936,1.0,55.0,35.0,90,0.25,1,0.3065999005191529
J124,2025-05-02,2025.0,Q2,5.0,May,Spring,Stonebridge Apts,200 Broad St,Brockton,MA,New Construction,5,23,26,55,2500,2850,1265,1430,3765,4280,5123.320236623407,843.3202366234073,0.1646042405460114,3.0,165.0,350.0,515,0.1367861885790172,1,0.3607756272572131
J125,2025-05-03,2025.0,Q2,5.0,May,Spring,Lane Residence,11 Elm St,Hanover,MA,Repaint,2,6,5,55,310,290,330,275,640,565,880.0341359215599,315.03413592155994,0.3579794499581092,-1.0,-55.0,-20.0,-75,-0.1171875,0,0.3750533373774373
J126,2025-05-03,2025.0,Q2,5.0,May,Spring,Coastal Market,90 Park Ave,Weymouth,MA,Exterior Repaint,4,15,17,55,1550,1820,825,935,2375,2755,3350.4270629644025,595.4270629644025,0.177716766183705,2.0,110.0,270.0,380,0.16,1,0.4107061317744853
J127,2025-05-04,2025.0,Q2,5.0,May,Spring,Central Offices,300 Main St,Braintree,MA,Interior Repaint,3,9,11,55,600,730,495,605,1095,1335,1559.1694999765623,224.1694999765625,0.1437749391454439,2.0,110.0,130.0,240,0.2191780821917808,1,0.4238990867365868
J128,2025-05-04,2025.0,Q2,5.0,May,Spring,Fisher Home,18 Birch Rd,Rockland,MA,Patching,2,5,4,55,160,150,275,220,435,370,549.9866421410867,179.9866421410867,0.3272563883377283,-1.0,-55.0,-10.0,-65,-0.1494252873563218,0,0.2643371083703144
J129,2025-05-05,2025.0,Q2,5.0,May,Spring,Hull Marina,7 Ocean Rd,Hull,MA,Exterior Repaint,4,16,18,55,1680,1950,880,990,2560,2940,3534.867082284819,594.8670822848189,0.1682855588166322,2.0,110.0,270.0,380,0.1484375,1,0.3808074540175076
J130,2025-05-05,2025.0,Q2,5.0,May,Spring,Gold Realty,510 Union St,Quincy,MA,New Construction,5,25,27,55,2700,3000,1375,1485,4075,4485,5265.726091163175,780.7260911631747,0.1482656100311355,2.0,110.0,300.0,410,0.1006134969325153,1,0.2922027217578342
J131,2025-05-06,2025.0,Q2,5.0,May,Spring,Baker Residence,12 Pine St,Weymouth,MA,Repaint,2,7,6,55,350,320,385,330,735,650,983.6546938404152,333.65469384041535,0.3391990054332484,-1.0,-55.0,-30.0,-85,-0.1156462585034013,0,0.3383057059053269
J132,2025-05-06,2025.0,Q2,5.0,May,Spring,Southside Gym,91 Grove St,Brockton,MA,Interior Repaint,3,10,12,55,640,770,550,660,1190,1430,1593.0523045322398,163.05230453223976,0.1023521349979252,2.0,110.0,130.0,240,0.2016806722689075,1,0.3386994155733107
J133,2025-05-07,2025.0,Q2,5.0,May,Spring,Westfield Storage,400 Depot St,Randolph,MA,Exterior Repaint,4,14,13,55,1500,1450,770,715,2270,2165,3221.253779478061,1056.253779478061,0.3279014482519926,-1.0,-55.0,-50.0,-105,-0.0462555066079295,0,0.4190545284044321
J134,2025-05-07,2025.0,Q2,5.0,May,Spring,Morris Home,6 Cherry Ln,Rockland,MA,Patching,2,4,5,55,150,180,220,275,370,455,478.5333280622036,23.533328062203623,0.0491780335499319,1.0,55.0,30.0,85,0.2297297297297297,1,0.2933333190870368
J135,2025-05-08,2025.0,Q2,5.0,May,Spring,Union Retail,88 Washington St,Braintree,MA,New Construction,5,23,24,55,2550,2700,1265,1320,3815,4020,4867.466219594171,847.466219594171,0.1741082898906752,1.0,55.0,150.0,205,0.0537352555701179,1,0.2758758111649202
J136,2025-05-08,2025.0,Q2,5.0,May,Spring,Harper Residence,17 Meadow Rd,Hingham,MA,Repaint,2,6,7,55,330,380,330,385,660,765,870.8915341920907,105.89153419209072,0.1215898077253951,1.0,55.0,50.0,105,0.1590909090909091,1,0.3195326275637737
J137,2025-05-09,2025.0,Q2,5.0,May,Spring,Seaside Dental,50 Front St,Scituate,MA,Interior Repaint,3,9,10,55,610,690,495,550,1105,1240,1535.292984042974,295.292984042974,0.1923365684023138,1.0,55.0,80.0,135,0.1221719457013574,1,0.3894054154235059
J138,2025-05-09,2025.0,Q2,5.0,May,Spring,Parkside Apts,410 Court St,Brockton,MA,Exterior Repaint,4,17,18,55,1800,1950,935,990,2735,2940,3897.7682848957343,957.7682848957344,0.2457222222796537,1.0,55.0,150.0,205,0.0749542961608775,1,0.4251437970368315
J139,2025-05-10,2025.0,Q2,5.0,May,Spring,Young Residence,3 Forest St,Abington,MA,Patching,2,5,6,55,170,210,275,330,445,540,605.1563574040854,65.15635740408538,0.1076686324235011,1.0,55.0,40.0,95,0.2134831460674157,1,0.3599019267507536
J140,2025-05-10,2025.0,Q2,5.0,May,Spring,Metro School,120 School Ln,Whitman,MA,New Construction,5,24,26,55,2600,2900,1320,1430,3920,4330,5517.070226002462,1187.0702260024618,0.2151631531546744,2.0,110.0,300.0,410,0.1045918367346938,1,0.4074158739802199
J141,2025-05-11,2025.0,Q2,5.0,May,Spring,Dawson Home,8 Oak Ave,Rockland,MA,Repaint,2,6,7,55,340,380,330,385,670,765,912.8296296088474,147.82962960884743,0.1619465722997984,1.0,55.0,40.0,95,0.1417910447761194,1,0.3624322829982798
J142,2025-05-11,2025.0,Q2,5.0,May,Spring,Granite Offices,300 Adams St,Quincy,MA,Interior Repaint,3,10,11,55,650,720,550,605,1200,1325,1620.3766276788529,295.37662767885286,0.1822888720025369,1.0,55.0,70.0,125,0.1041666666666666,1,0.3503138563990441
J143,2025-05-12,2025.0,Q2,5.0,May,Spring,Hill Retail,91 Main St,Weymouth,MA,Exterior Repaint,4,15,17,55,1600,1880,825,935,2425,2815,3239.8936330767974,424.8936330767974,0.1311443155846116,2.0,110.0,280.0,390,0.1608247422680412,1,0.3360386115780607
J144,2025-05-12,2025.0,Q2,5.0,May,Spring,Town Storage,21 Depot Rd,Kingston,MA,Patching,2,4,5,55,150,185,220,275,370,460,483.97159723201656,23.971597232016563,0.0495310001023149,1.0,55.0,35.0,90,0.2432432432432432,1,0.308031343870315
J145,2025-05-13,2025.0,Q2,5.0,May,Spring,Carter Residence,14 Bay Rd,Hingham,MA,Repaint,2,6,5,55,320,300,330,275,650,575,861.6476486414487,286.64764864144865,0.3326738593129142,-1.0,-55.0,-20.0,-75,-0.1153846153846153,0,0.3256117671406902
J146,2025-05-13,2025.0,Q2,5.0,May,Spring,Hanover Medical,120 Center St,Hanover,MA,New Construction,5,23,25,55,2500,2800,1265,1375,3765,4175,4922.8853974627045,747.8853974627045,0.1519201316057795,2.0,110.0,300.0,410,0.1088977423638778,1,0.3075392821946094
J147,2025-05-14,2025.0,Q2,5.0,May,Spring,Mariner Cafe,8 Wharf St,Hull,MA,Interior Repaint,3,9,10,55,600,680,495,550,1095,1230,1490.9926201508854,260.9926201508854,0.1750462186221106,1.0,55.0,80.0,135,0.1232876712328767,1,0.3616370960282057
J148,2025-05-14,2025.0,Q2,5.0,May,Spring,Liberty Plaza,500 Pleasant St,Brockton,MA,Exterior Repaint,4,16,18,55,1700,2000,880,990,2580,2990,3601.102785391372,611.102785391372,0.1696987900124479,2.0,110.0,300.0,410,0.1589147286821705,1,0.3957762734075085
J149,2025-05-15,2025.0,Q2,5.0,May,Spring,Murphy Residence,11 Grove St,Rockland,MA,Repaint,2,7,6,55,360,330,385,330,745,660,1029.5746581581038,369.57465815810383,0.3589585808369334,-1.0,-55.0,-30.0,-85,-0.1140939597315436,0,0.3819794069236293
J150,2025-05-15,2025.0,Q2,5.0,May,Spring,Boston Office Suites,200 Summer St,Boston,MA,New Construction,5,26,28,55,2800,3100,1430,1540,4230,4640,5603.5294632088135,963.5294632088136,0.1719504589982215,2.0,110.0,300.0,410,0.0969267139479905,1,0.3247114570233603
J151,2025-09-09,,,,,,Customer J151,278 Main St,Canton,MA,Patching,2,75,30,61,4365,1155,4575,1830,8940,2985,11532.6,8547.6,0.7412,,,,-5955,-0.6661,0,0.29
J152,2025-09-18,,,,,,Customer J152,777 Main St,Abington,MA,New Construction,2,16,67,62,2825,3105,992,4154,3817,7259,5000.27,-2258.73,-0.4517,,,,3442,0.9018,1,0.31
J153,2025-08-12,,,,,,Customer J153,941 Main St,Norwood,MA,New Construction,5,79,44,60,4657,5155,4740,2640,9397,7795,12310.07,4515.07,0.3668,,,,-1602,-0.1705,0,0.31
J154,2025-07-01,,,,,,Customer J154,585 Main St,Hingham,MA,Patching,5,77,33,60,1714,4987,4620,1980,6334,6967,8867.6,1900.6,0.2143,,,,633,0.0999,1,0.4
J155,2025-12-31,,,,,,Customer J155,814 Main St,Hingham,MA,Repaint,4,52,69,60,434,843,3120,4140,3554,4983,5082.22,99.22,0.0195,,,,1429,0.4021,1,0.43
J156,2025-10-27,,,,,,Customer J156,763 Main St,Abington,MA,Repaint,5,44,37,65,1685,4472,2860,2405,4545,6877,6090.3,-786.7,-0.1292,,,,2332,0.5131,1,0.34
J157,2025-09-03,,,,,,Customer J157,900 Main St,Norwood,MA,Patching,6,13,13,74,2885,1410,962,962,3847,2372,4500.99,2128.99,0.473,,,,-1475,-0.3834,0,0.17
J158,2025-10-03,,,,,,Customer J158,451 Main St,Boston,MA,Repaint,4,48,72,50,1995,2286,2400,3600,4395,5886,5713.5,-172.5,-0.0302,,,,1491,0.3392,1,0.3
J159,2025-07-20,,,,,,Customer J159,466 Main St,Plymouth,MA,Interior Repaint,3,22,53,83,2350,2615,1826,4399,4176,7014,4969.44,-2044.56,-0.4114,,,,2838,0.6796,1,0.19
J160,2025-08-09,,,,,,Customer J160,960 Main St,Norwell,MA,Exterior Repaint,4,19,76,58,2916,2258,1102,4408,4018,6666,5223.4,-1442.6,-0.2762,,,,2648,0.659,1,0.3
J161,2025-07-25,,,,,,Customer J161,998 Main St,Plymouth,MA,Repaint,2,9,15,48,998,226,432,720,1430,946,1873.3,927.3,0.495,,,,-484,-0.3385,0,0.31
J162,2025-07-08,,,,,,Customer J162,681 Main St,Hanover,MA,New Construction,6,26,92,76,997,2980,1976,6992,2973,9972,3745.98,-6226.02,-1.6621,,,,6999,2.3542,1,0.26
J163,2025-12-05,,,,,,Customer J163,977 Main St,Hull,MA,New Construction,6,76,79,48,4483,5981,3648,3792,8131,9773,9594.58,-178.42,-0.0186,,,,1642,0.2019,1,0.18
J164,2025-08-10,,,,,,Customer J164,847 Main St,Rockland,MA,Repaint,6,35,73,76,1965,5826,2660,5548,4625,11374,5827.5,-5546.5,-0.9518,,,,6749,1.4592,1,0.26
J165,2025-11-03,,,,,,Customer J165,839 Main St,Hingham,MA,Patching,3,77,52,64,539,1656,4928,3328,5467,4984,7107.1,2123.1,0.2987,,,,-483,-0.0883,0,0.3
J166,2025-08-20,,,,,,Customer J166,869 Main St,Milton,MA,Patching,4,19,51,67,2281,6418,1273,3417,3554,9835,4264.8,-5570.2,-1.3061,,,,6281,1.7673,1,0.2
J167,2025-08-15,,,,,,Customer J167,291 Main St,Brockton,MA,Interior Repaint,6,37,37,72,410,6290,2664,2664,3074,8954,4365.08,-4588.92,-1.0513,,,,5880,1.9128,1,0.42
J168,2025-11-05,,,,,,Customer J168,266 Main St,Boston,MA,Exterior Repaint,4,29,14,56,2753,1618,1624,784,4377,2402,5558.79,3156.79,0.5679,,,,-1975,-0.4512,0,0.27
J169,2025-11-19,,,,,,Customer J169,612 Main St,Whitman,MA,Exterior Repaint,6,31,92,73,2106,5281,2263,6716,4369,11997,6203.98,-5793.02,-0.9338,,,,7628,1.7459,1,0.42
J170,2025-08-31,,,,,,Customer J170,807 Main St,Rockland,MA,Exterior Repaint,3,69,28,57,2839,1912,3933,1596,6772,3508,9142.2,5634.2,0.6163,,,,-3264,-0.482,0,0.35
J171,2025-06-19,,,,,,Customer J171,269 Main St,Scituate,MA,New Construction,3,20,13,63,3654,1765,1260,819,4914,2584,6633.9,4049.9,0.6105,,,,-2330,-0.4742,0,0.35
J172,2025-11-21,,,,,,Customer J172,744 Main St,Boston,MA,Interior Repaint,3,22,19,76,1805,2499,1672,1444,3477,3943,4172.4,229.4,0.055,,,,466,0.134,1,0.2
J173,2025-07-12,,,,,,Customer J173,507 Main St,Braintree,MA,New Construction,2,75,26,49,954,5212,3675,1274,4629,6486,6388.02,-97.98,-0.0153,,,,1857,0.4012,1,0.38
J174,2025-12-25,,,,,,Customer J174,393 Main St,Norwell,MA,New Construction,2,76,45,78,2422,4816,5928,3510,8350,8326,9936.5,1610.5,0.1621,,,,-24,-0.0029,0,0.19
J175,2025-10-03,,,,,,Customer J175,325 Main St,Brockton,MA,New Construction,5,63,60,81,1757,6281,5103,4860,6860,11141,9329.6,-1811.4,-0.1942,,,,4281,0.6241,1,0.36
J176,2025-08-30,,,,,,Customer J176,868 Main St,Weymouth,MA,New Construction,2,61,45,55,364,4487,3355,2475,3719,6962,4574.37,-2387.63,-0.522,,,,3243,0.872,1,0.23
J177,2025-07-15,,,,,,Customer J177,240 Main St,Hanover,MA,Interior Repaint,5,62,25,59,3209,949,3658,1475,6867,2424,9339.12,6915.12,0.7404,,,,-4443,-0.647,0,0.36
J178,2025-06-06,,,,,,Customer J178,529 Main St,Holbrook,MA,New Construction,2,35,43,48,2350,3511,1680,2064,4030,5575,5400.2,-174.8,-0.0324,,,,1545,0.3834,1,0.34
J179,2025-08-26,,,,,,Customer J179,54 Main St,Hanover,MA,Patching,5,18,36,62,1314,990,1116,2232,2430,3222,2940.3,-281.7,-0.0958,,,,792,0.3259,1,0.21
J180,2025-08-25,,,,,,Customer J180,931 Main St,Whitman,MA,New Construction,3,76,88,76,2829,4916,5776,6688,8605,11604,11100.45,-503.55,-0.0454,,,,2999,0.3485,1,0.29
J181,2025-07-29,,,,,,Customer J181,333 Main St,Hingham,MA,Exterior Repaint,6,35,60,63,2659,2416,2205,3780,4864,6196,6420.48,224.48,0.035,,,,1332,0.2738,1,0.32
J182,2025-08-09,,,,,,Customer J182,886 Main St,Quincy,MA,New Construction,2,14,29,73,796,4379,1022,2117,1818,6496,2563.38,-3932.62,-1.5342,,,,4678,2.5732,1,0.41
J183,2025-10-26,,,,,,Customer J183,24 Main St,Hingham,MA,Interior Repaint,4,77,75,77,1243,4445,5929,5775,7172,10220,9323.6,-896.4,-0.0961,,,,3048,0.425,1,0.3
J184,2025-07-10,,,,,,Customer J184,248 Main St,Weymouth,MA,New Construction,2,50,73,64,3640,3115,3200,4672,6840,7787,7866.0,79.0,0.01,,,,947,0.1385,1,0.15
J185,2025-11-01,,,,,,Customer J185,729 Main St,Braintree,MA,Exterior Repaint,3,47,15,49,3438,6200,2303,735,5741,6935,7692.94,757.94,0.0985,,,,1194,0.208,1,0.34
J186,2025-10-03,,,,,,Customer J186,714 Main St,Randolph,MA,Interior Repaint,2,78,57,64,3777,3963,4992,3648,8769,7611,11750.46,4139.46,0.3523,,,,-1158,-0.1321,0,0.34
J187,2025-07-30,,,,,,Customer J187,901 Main St,Plymouth,MA,Interior Repaint,3,73,39,55,659,473,4015,2145,4674,2618,5982.72,3364.72,0.5624,,,,-2056,-0.4399,0,0.28
J188,2025-12-30,,,,,,Customer J188,699 Main St,Plymouth,MA,New Construction,2,8,57,75,1181,4075,600,4275,1781,8350,2386.54,-5963.46,-2.4988,,,,6569,3.6884,1,0.34
J189,2025-07-06,,,,,,Customer J189,991 Main St,Hingham,MA,Patching,5,60,39,75,1303,5005,4500,2925,5803,7930,8008.14,78.14,0.0098,,,,2127,0.3665,1,0.38
J190,2025-06-29,,,,,,Customer J190,76 Main St,Norwell,MA,Patching,5,39,13,76,1421,4218,2964,988,4385,5206,5174.3,-31.7,-0.0061,,,,821,0.1872,1,0.18
J191,2025-06-24,,,,,,Customer J191,566 Main St,Scituate,MA,Patching,4,71,49,62,841,2135,4402,3038,5243,5173,7497.49,2324.49,0.31,,,,-70,-0.0134,0,0.43
J192,2025-10-29,,,,,,Customer J192,351 Main St,Rockland,MA,New Construction,6,27,68,62,3990,5764,1674,4216,5664,9980,8156.16,-1823.84,-0.2236,,,,4316,0.762,1,0.44
J193,2025-06-10,,,,,,Customer J193,169 Main St,Weymouth,MA,Repaint,6,10,60,54,2311,882,540,3240,2851,4122,4076.93,-45.07,-0.0111,,,,1271,0.4458,1,0.43
J194,2025-10-03,,,,,,Customer J194,697 Main St,Boston,MA,Patching,2,10,60,77,898,4921,770,4620,1668,9541,2218.44,-7322.56,-3.3008,,,,7873,4.72,1,0.33
J195,2025-08-08,,,,,,Customer J195,159 Main St,Scituate,MA,New Construction,4,61,92,67,2159,3929,4087,6164,6246,10093,8681.94,-1411.06,-0.1625,,,,3847,0.6159,1,0.39
J196,2025-06-20,,,,,,Customer J196,354 Main St,Hingham,MA,Repaint,5,24,53,77,286,1769,1848,4081,2134,5850,2560.8,-3289.2,-1.2844,,,,3716,1.7413,1,0.2
J197,2025-10-16,,,,,,Customer J197,319 Main St,Brockton,MA,Patching,6,29,35,82,3373,250,2378,2870,5751,3120,7821.36,4701.36,0.6011,,,,-2631,-0.4575,0,0.36
J198,2025-12-07,,,,,,Customer J198,868 Main St,Quincy,MA,Repaint,3,53,21,59,801,440,3127,1239,3928,1679,5695.6,4016.6,0.7052,,,,-2249,-0.5726,0,0.45
J199,2025-07-15,,,,,,Customer J199,940 Main St,Hingham,MA,Patching,3,58,27,47,3642,2746,2726,1269,6368,4015,8151.04,4136.04,0.5074,,,,-2353,-0.3695,0,0.28
J200,2025-06-11,,,,,,Customer J200,461 Main St,Randolph,MA,New Construction,6,34,78,77,2068,4567,2618,6006,4686,10573,5951.22,-4621.78,-0.7766,,,,5887,1.2563,1,0.27
J201,2025-11-27,,,,,,Customer J201,825 Main St,Whitman,MA,Exterior Repaint,3,57,90,73,2987,3979,4161,6570,7148,10549,8220.2,-2328.8,-0.2833,,,,3401,0.4758,1,0.15
J202,2025-10-17,,,,,,Customer J202,467 Main St,Marshfield,MA,Repaint,6,12,62,70,908,4280,840,4340,1748,8620,2254.92,-6365.08,-2.8228,,,,6872,3.9314,1,0.29
J203,2025-06-25,,,,,,Customer J203,431 Main St,Hull,MA,Patching,6,79,57,50,4905,3066,3950,2850,8855,5916,11954.25,6038.25,0.5051,,,,-2939,-0.3319,0,0.35
J204,2025-08-20,,,,,,Customer J204,549 Main St,Rockland,MA,Patching,6,54,32,67,696,6117,3618,2144,4314,8261,5737.62,-2523.38,-0.4398,,,,3947,0.9149,1,0.33
J205,2025-07-11,,,,,,Customer J205,844 Main St,Scituate,MA,Patching,5,55,23,68,2639,3760,3740,1564,6379,5324,8866.81,3542.81,0.3996,,,,-1055,-0.1654,0,0.39
J206,2025-08-12,,,,,,Customer J206,232 Main St,Quincy,MA,Patching,2,15,13,54,1867,567,810,702,2677,1269,3694.26,2425.26,0.6565,,,,-1408,-0.526,0,0.38
J207,2025-06-19,,,,,,Customer J207,418 Main St,Quincy,MA,Exterior Repaint,3,56,42,55,1490,4392,3080,2310,4570,6702,5575.4,-1126.6,-0.2021,,,,2132,0.4665,1,0.22
J208,2025-12-31,,,,,,Customer J208,459 Main St,Braintree,MA,Exterior Repaint,5,13,32,49,1127,2503,637,1568,1764,4071,2275.56,-1795.44,-0.789,,,,2307,1.3078,1,0.29
J209,2025-09-01,,,,,,Customer J209,664 Main St,Braintree,MA,Repaint,2,52,74,79,4196,2989,4108,5846,8304,8835,11625.6,2790.6,0.24,,,,531,0.0639,1,0.4
J210,2025-06-03,,,,,,Customer J210,813 Main St,Braintree,MA,Repaint,3,41,10,52,2896,662,2132,520,5028,1182,6285.0,5103.0,0.8119,,,,-3846,-0.7649,0,0.25
J211,2025-07-23,,,,,,Customer J211,736 Main St,Brockton,MA,Exterior Repaint,5,46,80,79,2043,6284,3634,6320,5677,12604,7039.48,-5564.52,-0.7905,,,,6927,1.2202,1,0.24
J212,2025-06-05,,,,,,Customer J212,802 Main St,Scituate,MA,Exterior Repaint,4,57,80,57,3204,3452,3249,4560,6453,8012,8066.25,54.25,0.0067,,,,1559,0.2416,1,0.25
J213,2025-09-21,,,,,,Customer J213,788 Main St,Marshfield,MA,Patching,2,23,92,83,1774,5101,1909,7636,3683,12737,5193.03,-7543.97,-1.4527,,,,9054,2.4583,1,0.41
J214,2025-09-14,,,,,,Customer J214,131 Main St,Plymouth,MA,New Construction,2,12,18,78,238,6365,936,1404,1174,7769,1631.86,-6137.14,-3.7608,,,,6595,5.6175,1,0.39
J215,2025-11-02,,,,,,Customer J215,395 Main St,Hingham,MA,Patching,3,15,26,76,3842,5564,1140,1976,4982,7540,7124.26,-415.74,-0.0584,,,,2558,0.5134,1,0.43
J216,2025-08-09,,,,,,Customer J216,142 Main St,Hanover,MA,Exterior Repaint,6,70,92,61,4750,3793,4270,5612,9020,9405,11365.2,1960.2,0.1725,,,,385,0.0427,1,0.26
J217,2025-11-28,,,,,,Customer J217,859 Main St,Norwood,MA,New Construction,6,19,50,76,3076,1317,1444,3800,4520,5117,5876.0,759.0,0.1292,,,,597,0.1321,1,0.3
J218,2025-09-02,,,,,,Customer J218,756 Main St,Braintree,MA,Repaint,2,37,16,59,716,3744,2183,944,2899,4688,3623.75,-1064.25,-0.2937,,,,1789,0.6171,1,0.25
J219,2025-11-13,,,,,,Customer J219,978 Main St,Rockland,MA,Exterior Repaint,4,34,57,46,2043,3292,1564,2622,3607,5914,4436.61,-1477.39,-0.333,,,,2307,0.6396,1,0.23
J220,2025-08-16,,,,,,Customer J220,914 Main St,Brockton,MA,Repaint,6,75,45,79,2233,4993,5925,3555,8158,8548,9708.02,1160.02,0.1195,,,,390,0.0478,1,0.19
J221,2025-08-26,,,,,,Customer J221,491 Main St,Rockland,MA,Interior Repaint,6,67,25,75,652,2151,5025,1875,5677,4026,6528.55,2502.55,0.3833,,,,-1651,-0.2908,0,0.15
J222,2025-07-20,,,,,,Customer J222,275 Main St,Plymouth,MA,Exterior Repaint,4,70,89,47,3876,2703,3290,4183,7166,6886,8670.86,1784.86,0.2058,,,,-280,-0.0391,0,0.21
J223,2025-07-10,,,,,,Customer J223,921 Main St,Scituate,MA,New Construction,3,64,60,79,4642,2649,5056,4740,9698,7389,12898.34,5509.34,0.4271,,,,-2309,-0.2381,0,0.33
J224,2025-09-15,,,,,,Customer J224,292 Main St,Rockland,MA,Exterior Repaint,3,31,68,56,3500,4369,1736,3808,5236,8177,6649.72,-1527.28,-0.2297,,,,2941,0.5617,1,0.27
J225,2025-06-10,,,,,,Customer J225,777 Main St,Hingham,MA,New Construction,4,24,29,54,1599,3354,1296,1566,2895,4920,3676.65,-1243.35,-0.3382,,,,2025,0.6995,1,0.27
J226,2025-06-09,,,,,,Customer J226,940 Main St,Marshfield,MA,Repaint,3,20,69,45,3822,1064,900,3105,4722,4169,6138.6,1969.6,0.3209,,,,-553,-0.1171,0,0.3
J227,2025-10-12,,,,,,Customer J227,421 Main St,Hull,MA,Exterior Repaint,4,40,46,67,4785,3493,2680,3082,7465,6575,9629.85,3054.85,0.3172,,,,-890,-0.1192,0,0.29
J228,2025-11-06,,,,,,Customer J228,875 Main St,Randolph,MA,Interior Repaint,6,14,77,70,4331,4987,980,5390,5311,10377,6904.3,-3472.7,-0.503,,,,5066,0.9539,1,0.3
J229,2025-09-22,,,,,,Customer J229,209 Main St,Quincy,MA,Interior Repaint,5,71,38,76,2772,1152,5396,2888,8168,4040,9964.96,5924.96,0.5946,,,,-4128,-0.5054,0,0.22
J230,2025-06-03,,,,,,Customer J230,623 Main St,Quincy,MA,New Construction,4,29,21,71,838,2535,2059,1491,2897,4026,4084.77,58.77,0.0144,,,,1129,0.3897,1,0.41
J231,2025-12-22,,,,,,Customer J231,24 Main St,Hingham,MA,Repaint,6,47,45,58,254,5588,2726,2610,2980,8198,3546.2,-4651.8,-1.3118,,,,5218,1.751,1,0.19
J232,2025-07-06,,,,,,Customer J232,304 Main St,Whitman,MA,Repaint,5,25,52,68,1060,1950,1700,3536,2760,5486,3450.0,-2036.0,-0.5901,,,,2726,0.9877,1,0.25
J233,2025-08-01,,,,,,Customer J233,211 Main St,Abington,MA,New Construction,5,53,75,50,2039,4734,2650,3750,4689,8484,5861.25,-2622.75,-0.4475,,,,3795,0.8093,1,0.25
J234,2025-09-29,,,,,,Customer J234,746 Main St,Norwood,MA,Repaint,3,8,69,74,4902,586,592,5106,5494,5692,6427.98,735.98,0.1145,,,,198,0.036,1,0.17
J235,2025-06-15,,,,,,Customer J235,161 Main St,Hanover,MA,Exterior Repaint,5,38,40,70,1823,2221,2660,2800,4483,5021,6455.52,1434.52,0.2222,,,,538,0.12,1,0.44
J236,2025-11-16,,,,,,Customer J236,868 Main St,Marshfield,MA,Patching,5,33,63,76,814,3665,2508,4788,3322,8453,4119.28,-4333.72,-1.0521,,,,5131,1.5446,1,0.24
J237,2025-12-24,,,,,,Customer J237,344 Main St,Holbrook,MA,Repaint,4,58,18,76,2027,2766,4408,1368,6435,4134,8429.85,4295.85,0.5096,,,,-2301,-0.3576,0,0.31
J238,2025-12-18,,,,,,Customer J238,822 Main St,Brockton,MA,Repaint,4,31,27,78,3811,402,2418,2106,6229,2508,8471.44,5963.44,0.7039,,,,-3721,-0.5974,0,0.36
J239,2025-07-31,,,,,,Customer J239,505 Main St,Randolph,MA,Exterior Repaint,6,8,52,70,397,5375,560,3640,957,9015,1291.95,-7723.05,-5.9778,,,,8058,8.4201,1,0.35
J240,2025-10-27,,,,,,Customer J240,86 Main St,Brockton,MA,Repaint,4,60,17,46,1710,1634,2760,782,4470,2416,5587.5,3171.5,0.5676,,,,-2054,-0.4595,0,0.25
J241,2025-09-17,,,,,,Customer J241,601 Main St,Norwood,MA,Patching,6,43,11,61,1428,1010,2623,671,4051,1681,5347.32,3666.32,0.6856,,,,-2370,-0.585,0,0.32
J242,2025-07-06,,,,,,Customer J242,55 Main St,Marshfield,MA,Interior Repaint,2,69,48,53,2642,3804,3657,2544,6299,6348,8503.65,2155.65,0.2535,,,,49,0.0078,1,0.35
J243,2025-06-21,,,,,,Customer J243,288 Main St,Hanover,MA,Patching,4,36,68,71,4485,1169,2556,4828,7041,5997,9223.71,3226.71,0.3498,,,,-1044,-0.1483,0,0.31
J244,2025-09-19,,,,,,Customer J244,242 Main St,Brockton,MA,New Construction,5,39,72,76,4765,2241,2964,5472,7729,7713,9274.8,1561.8,0.1684,,,,-16,-0.0021,0,0.2
J245,2025-12-23,,,,,,Customer J245,281 Main St,Kingston,MA,Interior Repaint,2,72,18,58,1156,851,4176,1044,5332,1895,6345.08,4450.08,0.7013,,,,-3437,-0.6446,0,0.19
J246,2025-09-02,,,,,,Customer J246,91 Main St,Whitman,MA,New Construction,2,56,64,81,2603,2980,4536,5184,7139,8164,8923.75,759.75,0.0851,,,,1025,0.1436,1,0.25
J247,2025-07-19,,,,,,Customer J247,512 Main St,Norwood,MA,New Construction,4,28,43,57,1255,1913,1596,2451,2851,4364,4019.91,-344.09,-0.0856,,,,1513,0.5307,1,0.41
J248,2025-11-27,,,,,,Customer J248,638 Main St,Norwell,MA,New Construction,5,30,74,79,2423,5462,2370,5846,4793,11308,6087.11,-5220.89,-0.8577,,,,6515,1.3593,1,0.27
J249,2025-10-22,,,,,,Customer J249,17 Main St,Milton,MA,New Construction,2,62,70,58,2859,3777,3596,4060,6455,7837,9230.65,1393.65,0.151,,,,1382,0.2141,1,0.43
J250,2025-11-23,,,,,,Customer J250,711 Main St,Braintree,MA,Exterior Repaint,2,76,48,65,3729,5583,4940,3120,8669,8703,12049.91,3346.91,0.2778,,,,34,0.0039,1,0.39
J251,2025-08-02,,,,,,Customer J251,630 Main St,Weymouth,MA,New Construction,3,55,56,61,1720,4697,3355,3416,5075,8113,7054.25,-1058.75,-0.1501,,,,3038,0.5986,1,0.39
J252,2025-08-08,,,,,,Customer J252,51 Main St,Kingston,MA,Interior Repaint,3,48,67,48,4104,1403,2304,3216,6408,4619,8714.88,4095.88,0.47,,,,-1789,-0.2792,0,0.36
J253,2025-10-05,,,,,,Customer J253,563 Main St,Whitman,MA,Patching,5,50,21,75,4211,4065,3750,1575,7961,5640,9473.59,3833.59,0.4047,,,,-2321,-0.2915,0,0.19
J254,2025-10-28,,,,,,Customer J254,129 Main St,Brockton,MA,Patching,4,75,27,73,472,930,5475,1971,5947,2901,7731.1,4830.1,0.6248,,,,-3046,-0.5122,0,0.3
J255,2025-10-08,,,,,,Customer J255,808 Main St,Hull,MA,Repaint,3,40,43,66,1933,197,2640,2838,4573,3035,5670.52,2635.52,0.4648,,,,-1538,-0.3363,0,0.24
J256,2025-11-14,,,,,,Customer J256,390 Main St,Braintree,MA,Exterior Repaint,5,41,93,72,1434,2995,2952,6696,4386,9691,5131.62,-4559.38,-0.8885,,,,5305,1.2095,1,0.17
J257,2025-12-14,,,,,,Customer J257,89 Main St,Holbrook,MA,Interior Repaint,6,35,34,74,2728,3803,2590,2516,5318,6319,7072.94,753.94,0.1066,,,,1001,0.1882,1,0.33
J258,2025-12-24,,,,,,Customer J258,916 Main St,Hingham,MA,New Construction,5,67,84,75,3522,4141,5025,6300,8547,10441,11282.04,841.04,0.0745,,,,1894,0.2216,1,0.32
J259,2025-10-18,,,,,,Customer J259,434 Main St,Weymouth,MA,Interior Repaint,4,16,21,48,4408,2450,768,1008,5176,3458,6677.04,3219.04,0.4821,,,,-1718,-0.3319,0,0.29
J260,2025-06-18,,,,,,Customer J260,535 Main St,Marshfield,MA,Patching,4,32,13,72,250,453,2304,936,2554,1389,2962.64,1573.64,0.5312,,,,-1165,-0.4561,0,0.16
J261,2025-09-15,,,,,,Customer J261,702 Main St,Plymouth,MA,Patching,4,50,50,55,4174,6149,2750,2750,6924,8899,8170.32,-728.68,-0.0892,,,,1975,0.2852,1,0.18
J262,2025-10-25,,,,,,Customer J262,457 Main St,Whitman,MA,Repaint,3,25,78,79,1085,6152,1975,6162,3060,12314,3519.0,-8795.0,-2.4993,,,,9254,3.0242,1,0.15
J263,2025-07-31,,,,,,Customer J263,16 Main St,Whitman,MA,Repaint,6,65,20,53,939,1010,3445,1060,4384,2070,5085.44,3015.44,0.593,,,,-2314,-0.5278,0,0.16
J264,2025-08-31,,,,,,Customer J264,975 Main St,Weymouth,MA,Repaint,3,70,10,45,4156,4465,3150,450,7306,4915,9497.8,4582.8,0.4825,,,,-2391,-0.3273,0,0.3
J265,2025-09-03,,,,,,Customer J265,542 Main St,Quincy,MA,Exterior Repaint,4,41,55,58,238,3673,2378,3190,2616,6863,3426.96,-3436.04,-1.0026,,,,4247,1.6235,1,0.31
J266,2025-12-05,,,,,,Customer J266,601 Main St,Randolph,MA,Repaint,5,10,14,75,3516,385,750,1050,4266,1435,5332.5,3897.5,0.7309,,,,-2831,-0.6636,0,0.25
J267,2025-08-26,,,,,,Customer J267,21 Main St,Whitman,MA,Interior Repaint,5,71,24,48,1169,1140,3408,1152,4577,2292,5858.56,3566.56,0.6088,,,,-2285,-0.4992,0,0.28
J268,2025-08-07,,,,,,Customer J268,830 Main St,Canton,MA,Patching,4,24,70,78,2407,4165,1872,5460,4279,9625,5947.81,-3677.19,-0.6182,,,,5346,1.2494,1,0.39
J269,2025-12-26,,,,,,Customer J269,907 Main St,Hanover,MA,Patching,2,20,39,63,4056,2334,1260,2457,5316,4791,6645.0,1854.0,0.279,,,,-525,-0.0988,0,0.25
J270,2025-07-12,,,,,,Customer J270,525 Main St,Rockland,MA,Interior Repaint,2,26,44,49,2956,202,1274,2156,4230,2358,5964.3,3606.3,0.6046,,,,-1872,-0.4426,0,0.41
J271,2025-09-11,2025.0,Q3,9.0,September,Fall,Riley Sullivan,7037 Oak Blvd,Hanover,CT,New Construction,8,139,157,58,7869,6305,8062,9106,15931,15411,20869.61,5458.61,0.2616,18.0,1044.0,-1564.0,-520,-0.0326,0,0.31
J272,2025-11-27,2025.0,Q4,11.0,November,Fall,Casey Johnson,8942 School Dr,Peabody,NH,Interior Repaint,5,42,43,63,1681,1584,2646,2709,4327,4293,5235.67,942.67,0.18,1.0,63.0,-97.0,-34,-0.0079,0,0.21
J273,2025-09-01,2025.0,Q3,9.0,September,Fall,Taylor Mansfield,3682 High Dr,Cambridge,MA,New Construction,4,219,191,55,10805,10479,12045,10505,22850,20984,29933.5,8949.5,0.299,-28.0,-1540.0,-326.0,-1866,-0.0817,0,0.31
J274,2025-06-15,2025.0,Q2,6.0,June,Summer,Alex Mansfield,4259 Oak Dr,Medford,MA,Interior Repaint,5,90,100,66,2894,3841,5940,6600,8834,10441,10689.14,248.14,0.0232,10.0,660.0,947.0,1607,0.1819,1,0.21
J275,2025-09-15,2025.0,Q3,9.0,September,Fall,Jamie Mansfield,4462 Washington Ave,Plymouth,RI,Repaint,2,33,38,80,1712,1948,2640,3040,4352,4988,5091.84,103.84,0.0204,5.0,400.0,236.0,636,0.1461,1,0.17
J276,2025-08-11,2025.0,Q3,8.0,August,Summer,Chris Johnson,9217 Cedar Dr,Weymouth,CT,Patching,1,11,11,65,591,559,715,715,1306,1274,1606.38,332.38,0.2069,0.0,0.0,-32.0,-32,-0.0245,0,0.23
J277,2025-12-06,2025.0,Q4,12.0,December,Winter,Pat McCarthy,6843 Oak Ln,Boston,MA,Patching,3,9,10,66,1001,962,594,660,1595,1622,1977.8,355.8,0.1799,1.0,66.0,-39.0,27,0.0169,1,0.24
J278,2025-06-21,2025.0,Q2,6.0,June,Summer,Casey Donovan,5736 Maple Dr,Milton,RI,Patching,1,26,29,40,434,536,1040,1160,1474,1696,1709.84,13.84,0.0081,3.0,120.0,102.0,222,0.1506,1,0.16
J279,2025-09-11,2025.0,Q3,9.0,September,Fall,Chris Mansfield,3984 Pine Ave,Cambridge,RI,New Construction,6,160,140,64,3417,4485,10240,8960,13657,13445,18300.38,4855.38,0.2653,-20.0,-1280.0,1068.0,-212,-0.0155,0,0.34
J280,2025-09-30,2025.0,Q3,9.0,September,Fall,Taylor Johnson,2514 High Rd,Holbrook,NH,Repaint,2,30,33,65,1075,1220,1950,2145,3025,3365,3418.25,53.25,0.0156,3.0,195.0,145.0,340,0.1124,1,0.13
J281,2025-12-28,2025.0,Q4,12.0,December,Winter,Alex O'Neil,2924 Park Ct,Holbrook,MA,New Construction,7,175,198,66,6440,6399,11550,13068,17990,19467,25186.0,5719.0,0.2271,23.0,1518.0,-41.0,1477,0.0821,1,0.4
J282,2025-08-14,2025.0,Q3,8.0,August,Summer,Sam Rossi,8092 Park Blvd,Needham,RI,New Construction,7,191,156,73,3395,2982,13943,11388,17338,14370,24966.72,10596.72,0.4244,-35.0,-2555.0,-413.0,-2968,-0.1712,0,0.44
J283,2025-12-20,2025.0,Q4,12.0,December,Winter,Jordan Rossi,5598 Pine Dr,Malden,CT,Repaint,4,38,35,49,795,817,1862,1715,2657,2532,3055.55,523.55,0.1713,-3.0,-147.0,22.0,-125,-0.047,0,0.15
J284,2025-08-27,2025.0,Q3,8.0,August,Summer,Jamie Mansfield,5344 Prospect Rd,Randolph,NH,Repaint,2,58,61,58,1033,897,3364,3538,4397,4435,5144.49,709.49,0.1379,3.0,174.0,-136.0,38,0.0086,1,0.17
J285,2025-09-25,2025.0,Q3,9.0,September,Fall,Sam Parker,6323 Park Ave,Dedham,RI,Repaint,2,29,31,51,1597,1669,1479,1581,3076,3250,3721.96,471.96,0.1268,2.0,102.0,72.0,174,0.0566,1,0.21
J286,2025-09-08,2025.0,Q3,9.0,September,Fall,Alex Sullivan,1375 Pine St,Salem,NH,Repaint,3,24,20,52,1919,2004,1248,1040,3167,3044,3895.41,851.41,0.2186,-4.0,-208.0,85.0,-123,-0.0388,0,0.23
J287,2025-09-12,2025.0,Q3,9.0,September,Fall,Pat McCarthy,4196 School Ave,Milton,NH,Patching,1,20,19,70,594,757,1400,1330,1994,2087,2412.74,325.74,0.135,-1.0,-70.0,163.0,93,0.0466,1,0.21
J288,2025-10-30,2025.0,Q4,10.0,October,Fall,Sam Mansfield,9586 Washington St,Braintree,MA,Exterior Repaint,4,106,102,69,1655,1260,7314,7038,8969,8298,11390.63,3092.63,0.2715,-4.0,-276.0,-395.0,-671,-0.0748,0,0.27
J289,2025-10-09,2025.0,Q4,10.0,October,Fall,Morgan McCarthy,143 School Ln,Marshfield,CT,Exterior Repaint,6,101,98,74,2023,1188,7474,7252,9497,8440,12631.01,4191.01,0.3318,-3.0,-222.0,-835.0,-1057,-0.1113,0,0.33
J290,2025-10-28,2025.0,Q4,10.0,October,Fall,Taylor Sullivan,6200 Park St,Scituate,NH,Repaint,2,66,70,55,1652,1994,3630,3850,5282,5844,6021.48,177.48,0.0295,4.0,220.0,342.0,562,0.1064,1,0.14
J291,2025-07-23,2025.0,Q3,7.0,July,Summer,Jordan Murphy,1363 High Ct,Duxbury,CT,Exterior Repaint,5,40,49,65,1670,2266,2600,3185,4270,5451,5380.2,-70.8,-0.0132,9.0,585.0,596.0,1181,0.2766,1,0.26
J292,2025-06-02,2025.0,Q2,6.0,June,Summer,Riley Murphy,549 Cedar St,Weymouth,CT,Exterior Repaint,6,47,53,57,3945,3324,2679,3021,6624,6345,8478.72,2133.72,0.2517,6.0,342.0,-621.0,-279,-0.0421,0,0.28
J293,2025-08-27,2025.0,Q3,8.0,August,Summer,Taylor Sullivan,7724 Elm Ave,Milton,CT,Repaint,4,36,34,57,1324,982,2052,1938,3376,2920,3781.12,861.12,0.2277,-2.0,-114.0,-342.0,-456,-0.1351,0,0.12
J294,2025-11-05,2025.0,Q4,11.0,November,Fall,Casey Sullivan,2203 Main Rd,Cambridge,RI,Exterior Repaint,3,86,92,54,2215,2695,4644,4968,6859,7663,8985.29,1322.29,0.1472,6.0,324.0,480.0,804,0.1172,1,0.31
J295,2025-07-08,2025.0,Q3,7.0,July,Summer,Morgan Mansfield,8712 Main Dr,Abington,NH,New Construction,4,165,180,87,4633,5800,14355,15660,18988,21460,24874.28,3414.28,0.1373,15.0,1305.0,1167.0,2472,0.1302,1,0.31
J296,2025-10-08,2025.0,Q4,10.0,October,Fall,Jamie Rossi,7255 Park Ct,Boston,NH,Interior Repaint,3,57,60,54,682,708,3078,3240,3760,3948,4662.4,714.4,0.1532,3.0,162.0,26.0,188,0.05,1,0.24
J297,2025-12-09,2025.0,Q4,12.0,December,Winter,Pat Parker,7249 Washington Ave,Waltham,RI,Interior Repaint,2,42,46,76,2681,2637,3192,3496,5873,6133,7341.25,1208.25,0.1646,4.0,304.0,-44.0,260,0.0443,1,0.25
J298,2025-12-05,2025.0,Q4,12.0,December,Winter,Chris Baker,4729 Washington Blvd,Hingham,MA,Repaint,3,22,27,49,1162,1211,1078,1323,2240,2534,2598.4,64.4,0.0248,5.0,245.0,49.0,294,0.1312,1,0.16
J299,2025-06-21,2025.0,Q2,6.0,June,Summer,Morgan Johnson,9560 Prospect Rd,Salem,RI,Patching,2,9,10,57,247,257,513,570,760,827,950.0,123.0,0.1295,1.0,57.0,10.0,67,0.0882,1,0.25
J300,2025-11-08,2025.0,Q4,11.0,November,Fall,Casey O'Neil,2190 Pine Ave,Chelsea,MA,Repaint,2,57,67,74,1158,1171,4218,4958,5376,6129,6343.68,214.68,0.0338,10.0,740.0,13.0,753,0.1401,1,0.18
J301,2025-12-21,2025.0,Q4,12.0,December,Winter,Taylor Rossi,6279 Prospect Rd,Abington,NH,Patching,2,24,24,41,202,148,984,984,1186,1132,1423.2,291.2,0.2046,0.0,0.0,-54.0,-54,-0.0455,0,0.2
J302,2025-07-28,2025.0,Q3,7.0,July,Summer,Riley Baker,4198 Maple Dr,Waltham,NH,Interior Repaint,4,76,67,69,2487,2780,5244,4623,7731,7403,9818.37,2415.37,0.246,-9.0,-621.0,293.0,-328,-0.0424,0,0.27
J303,2025-06-22,2025.0,Q2,6.0,June,Summer,Jordan Mansfield,6386 School Ct,Quincy,MA,Repaint,4,40,39,66,1828,1622,2640,2574,4468,4196,5272.24,1076.24,0.2041,-1.0,-66.0,-206.0,-272,-0.0609,0,0.18
J304,2025-08-28,2025.0,Q3,8.0,August,Summer,Pat Mansfield,4153 Main Ave,Weymouth,MA,New Construction,5,124,119,76,9493,9310,9424,9044,18917,18354,24970.44,6616.44,0.265,-5.0,-380.0,-183.0,-563,-0.0298,0,0.32
J305,2025-07-19,2025.0,Q3,7.0,July,Summer,Alex Donovan,8160 High Ave,Marshfield,RI,Exterior Repaint,6,91,88,71,1725,1395,6461,6248,8186,7643,10969.24,3326.24,0.3032,-3.0,-213.0,-330.0,-543,-0.0663,0,0.34
J306,2025-07-29,2025.0,Q3,7.0,July,Summer,Casey Baker,5880 Maple Ave,Hull,NH,Patching,2,34,40,54,1068,910,1836,2160,2904,3070,3571.92,501.92,0.1405,6.0,324.0,-158.0,166,0.0572,1,0.23
J307,2025-11-17,2025.0,Q4,11.0,November,Fall,Morgan Murphy,1306 Washington Ct,Waltham,RI,Exterior Repaint,5,54,59,77,1913,1802,4158,4543,6071,6345,8074.43,1729.43,0.2142,5.0,385.0,-111.0,274,0.0451,1,0.33
J308,2025-12-05,2025.0,Q4,12.0,December,Winter,Taylor Murphy,9371 Pine Blvd,Medford,RI,Exterior Repaint,6,64,69,53,1266,1511,3392,3657,4658,5168,6288.3,1120.3,0.1782,5.0,265.0,245.0,510,0.1095,1,0.35
J309,2025-12-25,2025.0,Q4,12.0,December,Winter,Jordan Parker,886 Elm Dr,Newton,MA,Repaint,4,27,34,50,1705,2366,1350,1700,3055,4066,3635.45,-430.55,-0.1184,7.0,350.0,661.0,1011,0.3309,1,0.19
J310,2025-06-15,2025.0,Q2,6.0,June,Summer,Sam Parker,3745 Washington St,Malden,NH,Exterior Repaint,3,61,58,53,4621,3713,3233,3074,7854,6787,10053.12,3266.12,0.3249,-3.0,-159.0,-908.0,-1067,-0.1359,0,0.28
J311,2025-12-07,2025.0,Q4,12.0,December,Winter,Chris Parker,8205 Elm Ct,Holbrook,RI,New Construction,6,110,120,85,3005,3068,9350,10200,12355,13268,16802.8,3534.8,0.2104,10.0,850.0,63.0,913,0.0739,1,0.36
J312,2025-12-07,2025.0,Q4,12.0,December,Winter,Jordan Mansfield,8925 Main Ln,Holbrook,CT,Exterior Repaint,6,90,102,60,2341,2762,5400,6120,7741,8882,10527.76,1645.76,0.1563,12.0,720.0,421.0,1141,0.1474,1,0.36
J313,2025-11-22,2025.0,Q4,11.0,November,Fall,Jamie Sullivan,9103 Maple Ave,Hingham,NH,Repaint,4,20,16,55,2426,2847,1100,880,3526,3727,4195.94,468.94,0.1118,-4.0,-220.0,421.0,201,0.057,1,0.19
J314,2025-12-07,2025.0,Q4,12.0,December,Winter,Sam Parker,2842 Park Rd,Brockton,CT,New Construction,5,209,251,55,4342,4021,11495,13805,15837,17826,22171.8,4345.8,0.196,42.0,2310.0,-321.0,1989,0.1256,1,0.4
J315,2025-07-21,2025.0,Q3,7.0,July,Summer,Jordan Murphy,1918 High Rd,Norwell,RI,Interior Repaint,3,84,86,49,2965,3139,4116,4214,7081,7353,9276.11,1923.11,0.2073,2.0,98.0,174.0,272,0.0384,1,0.31
J316,2025-09-16,2025.0,Q3,9.0,September,Fall,Morgan Murphy,6423 Oak Dr,Hingham,MA,Exterior Repaint,6,74,80,78,5050,5523,5772,6240,10822,11763,14826.14,3063.14,0.2066,6.0,468.0,473.0,941,0.087,1,0.37
J317,2025-07-25,2025.0,Q3,7.0,July,Summer,Morgan Johnson,6953 Oak Dr,Hull,MA,Repaint,4,33,24,69,2263,2478,2277,1656,4540,4134,5311.8,1177.8,0.2217,-9.0,-621.0,215.0,-406,-0.0894,0,0.17
J318,2025-08-03,2025.0,Q3,8.0,August,Summer,Pat Johnson,4028 Washington Rd,Hull,RI,Interior Repaint,4,44,34,46,2597,3141,2024,1564,4621,4705,5591.41,886.41,0.1585,-10.0,-460.0,544.0,84,0.0182,1,0.21
J319,2025-10-09,2025.0,Q4,10.0,October,Fall,Sam Murphy,8679 Washington Rd,Weymouth,MA,Interior Repaint,4,36,43,59,2246,2754,2124,2537,4370,5291,5637.3,346.3,0.0614,7.0,413.0,508.0,921,0.2108,1,0.29
J320,2025-07-21,2025.0,Q3,7.0,July,Summer,Morgan Sullivan,2655 Maple Ave,Hingham,NH,Patching,2,32,28,62,438,387,1984,1736,2422,2123,2809.52,686.52,0.2444,-4.0,-248.0,-51.0,-299,-0.1235,0,0.16
J321,2025-10-13,2025.0,Q4,10.0,October,Fall,Chris Sullivan,3238 High Dr,Woburn,NH,New Construction,5,176,187,90,9359,8044,15840,16830,25199,24874,35026.61,10152.61,0.2899,11.0,990.0,-1315.0,-325,-0.0129,0,0.39
J322,2025-06-21,2025.0,Q2,6.0,June,Summer,Chris Donovan,5789 Prospect Ct,Plymouth,CT,Exterior Repaint,6,115,144,75,3034,4217,8625,10800,11659,15017,15623.06,606.06,0.0388,29.0,2175.0,1183.0,3358,0.288,1,0.34
J323,2025-08-12,2025.0,Q3,8.0,August,Summer,Jordan Parker,9841 Prospect Ln,Duxbury,CT,Repaint,3,25,23,56,1384,846,1400,1288,2784,2134,3173.76,1039.76,0.3276,-2.0,-112.0,-538.0,-650,-0.2335,0,0.14
J324,2025-11-14,2025.0,Q4,11.0,November,Fall,Jamie Rossi,3378 Elm Rd,Malden,MA,Patching,1,31,30,48,1163,1470,1488,1440,2651,2910,3075.16,165.16,0.0537,-1.0,-48.0,307.0,259,0.0977,1,0.16
J325,2025-06-18,2025.0,Q2,6.0,June,Summer,Taylor Mansfield,8403 Pine St,Cambridge,RI,New Construction,8,169,242,75,10112,11369,12675,18150,22787,29519,32129.67,2610.67,0.0813,73.0,5475.0,1257.0,6732,0.2954,1,0.41
J326,2025-10-10,2025.0,Q4,10.0,October,Fall,Chris Murphy,8676 Maple Rd,Holbrook,CT,Patching,1,10,12,50,535,328,500,600,1035,928,1262.7,334.7,0.2651,2.0,100.0,-207.0,-107,-0.1034,0,0.22
J327,2025-08-28,2025.0,Q3,8.0,August,Summer,Sam Rossi,3582 High St,Holbrook,MA,New Construction,6,187,191,79,4990,5421,14773,15089,19763,20510,26087.16,5577.16,0.2138,4.0,316.0,431.0,747,0.0378,1,0.32
J328,2025-07-30,2025.0,Q3,7.0,July,Summer,Sam McCarthy,3711 Elm Ln,Salem,MA,New Construction,6,193,173,74,6432,7223,14282,12802,20714,20025,27342.48,7317.48,0.2676,-20.0,-1480.0,791.0,-689,-0.0333,0,0.32
J329,2025-06-14,2025.0,Q2,6.0,June,Summer,Sam Murphy,961 Oak Ct,Peabody,MA,Exterior Repaint,6,88,78,79,3462,2869,6952,6162,10414,9031,13642.34,4611.34,0.338,-10.0,-790.0,-593.0,-1383,-0.1328,0,0.31
J330,2025-06-09,2025.0,Q2,6.0,June,Summer,Sam Parker,6655 Main Ave,Peabody,RI,New Construction,4,109,119,55,8490,10527,5995,6545,14485,17072,19844.45,2772.45,0.1397,10.0,550.0,2037.0,2587,0.1786,1,0.37
J331,2025-08-29,2025.0,Q3,8.0,August,Summer,Pat Donovan,6315 Main Blvd,Malden,CT,Patching,3,11,12,46,949,934,506,552,1455,1486,1731.45,245.45,0.1418,1.0,46.0,-15.0,31,0.0213,1,0.19
J332,2025-07-23,2025.0,Q3,7.0,July,Summer,Chris Mansfield,3320 Cedar Rd,Milton,MA,New Construction,5,214,222,57,11519,11927,12198,12654,23717,24581,31306.44,6725.44,0.2148,8.0,456.0,408.0,864,0.0364,1,0.32
J333,2025-10-08,2025.0,Q4,10.0,October,Fall,Alex Murphy,2548 Pine Ln,Hingham,RI,Exterior Repaint,6,47,48,63,2511,2417,2961,3024,5472,5441,7551.36,2110.36,0.2795,1.0,63.0,-94.0,-31,-0.0057,0,0.38
J334,2025-08-23,2025.0,Q3,8.0,August,Summer,Jordan Murphy,2208 Cedar Rd,Abington,MA,Exterior Repaint,3,53,60,56,5625,5480,2968,3360,8593,8840,10827.18,1987.18,0.1835,7.0,392.0,-145.0,247,0.0287,1,0.26
J335,2025-08-31,2025.0,Q3,8.0,August,Summer,Chris Mansfield,3604 School Blvd,Quincy,NH,Patching,3,11,14,40,964,1159,440,560,1404,1719,1740.96,21.96,0.0126,3.0,120.0,195.0,315,0.2244,1,0.24
J336,2025-09-19,2025.0,Q3,9.0,September,Fall,Alex McCarthy,7093 Oak Ln,Waltham,RI,Interior Repaint,4,84,98,74,1504,1167,6216,7252,7720,8419,9804.4,1385.4,0.1413,14.0,1036.0,-337.0,699,0.0905,1,0.27
J337,2025-12-05,2025.0,Q4,12.0,December,Winter,Taylor Baker,3196 Main Ct,Norwell,CT,Interior Repaint,5,53,57,67,727,621,3551,3819,4278,4440,5261.94,821.94,0.1562,4.0,268.0,-106.0,162,0.0379,1,0.23
J338,2025-12-16,2025.0,Q4,12.0,December,Winter,Alex Parker,9006 Prospect Ct,Randolph,CT,New Construction,5,104,99,58,9809,9365,6032,5742,15841,15107,21860.58,6753.58,0.3089,-5.0,-290.0,-444.0,-734,-0.0463,0,0.38
J339,2025-11-19,2025.0,Q4,11.0,November,Fall,Chris Donovan,1632 Cedar Ave,Medford,MA,Repaint,2,61,49,61,2100,2372,3721,2989,5821,5361,6985.2,1624.2,0.2325,-12.0,-732.0,272.0,-460,-0.079,0,0.2
J340,2025-06-08,2025.0,Q2,6.0,June,Summer,Taylor Mansfield,9910 Main Ave,Cambridge,CT,New Construction,6,136,161,88,9136,7903,11968,14168,21104,22071,28912.48,6841.48,0.2366,25.0,2200.0,-1233.0,967,0.0458,1,0.37
J341,2025-11-22,2025.0,Q4,11.0,November,Fall,Jordan Donovan,5500 School Dr,Cambridge,NH,Patching,2,33,25,61,968,825,2013,1525,2981,2350,3457.96,1107.96,0.3204,-8.0,-488.0,-143.0,-631,-0.2117,0,0.16
J342,2025-07-05,2025.0,Q3,7.0,July,Summer,Casey Mansfield,2721 Elm Ct,Hingham,CT,Patching,3,11,10,42,247,301,462,420,709,721,857.89,136.89,0.1596,-1.0,-42.0,54.0,12,0.0169,1,0.21
J343,2025-12-23,2025.0,Q4,12.0,December,Winter,Taylor Johnson,163 Maple Dr,Norwell,MA,Patching,1,33,32,69,514,541,2277,2208,2791,2749,3265.47,516.47,0.1582,-1.0,-69.0,27.0,-42,-0.015,0,0.17
J344,2025-08-20,2025.0,Q3,8.0,August,Summer,Morgan O'Neil,1262 Oak Ct,Hull,RI,Patching,1,8,11,49,174,178,392,539,566,717,673.54,-43.46,-0.0645,3.0,147.0,4.0,151,0.2668,1,0.19
J345,2025-11-11,2025.0,Q4,11.0,November,Fall,Sam O'Neil,2718 Main Blvd,Hingham,RI,Patching,3,12,10,69,365,361,828,690,1193,1051,1503.18,452.18,0.3008,-2.0,-138.0,-4.0,-142,-0.119,0,0.26
J346,2025-07-20,2025.0,Q3,7.0,July,Summer,Taylor Parker,4816 Main Blvd,Waltham,MA,Exterior Repaint,6,109,137,75,1246,1514,8175,10275,9421,11789,11870.46,81.46,0.0069,28.0,2100.0,268.0,2368,0.2514,1,0.26
J347,2025-09-12,2025.0,Q3,9.0,September,Fall,Jamie Johnson,8017 Maple Rd,Malden,MA,Interior Repaint,3,87,82,51,736,710,4437,4182,5173,4892,6362.79,1470.79,0.2312,-5.0,-255.0,-26.0,-281,-0.0543,0,0.23
J348,2025-10-10,2025.0,Q4,10.0,October,Fall,Sam Rossi,9384 High Rd,Duxbury,CT,Patching,2,27,26,49,764,909,1323,1274,2087,2183,2420.92,237.92,0.0983,-1.0,-49.0,145.0,96,0.046,1,0.16
J349,2025-06-02,2025.0,Q2,6.0,June,Summer,Pat O'Neil,8240 High St,Weymouth,MA,Repaint,2,53,56,70,582,706,3710,3920,4292,4626,4978.72,352.72,0.0708,3.0,210.0,124.0,334,0.0778,1,0.16
J350,2025-10-12,2025.0,Q4,10.0,October,Fall,Pat O'Neil,555 Prospect Blvd,Marshfield,MA,Repaint,3,44,47,46,710,950,2024,2162,2734,3112,3198.78,86.78,0.0271,3.0,138.0,240.0,378,0.1383,1,0.17
J351,2025-07-24,2025.0,Q3,7.0,July,Summer,Chris Parker,4445 Cedar St,Peabody,MA,Repaint,3,51,73,54,1320,1205,2754,3942,4074,5147,4685.1,-461.9,-0.0986,22.0,1188.0,-115.0,1073,0.2634,1,0.15
J352,2025-09-14,2025.0,Q3,9.0,September,Fall,Chris Baker,7842 Main Dr,Scituate,NH,Repaint,4,64,54,48,545,471,3072,2592,3617,3063,4123.38,1060.38,0.2572,-10.0,-480.0,-74.0,-554,-0.1532,0,0.14
J353,2025-06-04,2025.0,Q2,6.0,June,Summer,Sam Rossi,9140 Elm Blvd,Chelsea,NH,Exterior Repaint,3,54,69,61,3434,2920,3294,4209,6728,7129,9351.92,2222.92,0.2377,15.0,915.0,-514.0,401,0.0596,1,0.39
J354,2025-07-24,2025.0,Q3,7.0,July,Summer,Riley Rossi,7837 Elm Dr,Milton,MA,Repaint,3,43,60,69,1171,1066,2967,4140,4138,5206,4675.94,-530.06,-0.1134,17.0,1173.0,-105.0,1068,0.2581,1,0.13
J355,2025-12-08,2025.0,Q4,12.0,December,Winter,Riley Murphy,3855 Cedar Dr,Medford,NH,Patching,2,17,18,48,902,848,816,864,1718,1712,2216.22,504.22,0.2275,1.0,48.0,-54.0,-6,-0.0035,0,0.29
J356,2025-10-24,2025.0,Q4,10.0,October,Fall,Pat Baker,7916 Elm Dr,Chelsea,MA,New Construction,4,88,87,72,10312,8443,6336,6264,16648,14707,21975.36,7268.36,0.3308,-1.0,-72.0,-1869.0,-1941,-0.1166,0,0.32
J357,2025-07-14,2025.0,Q3,7.0,July,Summer,Jamie O'Neil,7500 Prospect Ln,Woburn,MA,Repaint,4,44,56,78,1690,2287,3432,4368,5122,6655,6300.06,-354.94,-0.0563,12.0,936.0,597.0,1533,0.2993,1,0.23
J358,2025-11-09,2025.0,Q4,11.0,November,Fall,Casey Baker,7301 Elm Rd,Hingham,CT,Exterior Repaint,5,64,72,60,2154,2141,3840,4320,5994,6461,7732.26,1271.26,0.1644,8.0,480.0,-13.0,467,0.0779,1,0.29
J359,2025-12-19,2025.0,Q4,12.0,December,Winter,Jordan Sullivan,327 Oak Ave,Braintree,CT,Exterior Repaint,4,57,55,66,4311,4614,3762,3630,8073,8244,11140.74,2896.74,0.26,-2.0,-132.0,303.0,171,0.0212,1,0.38
J360,2025-12-07,2025.0,Q4,12.0,December,Winter,Chris Parker,3249 Main Rd,Dedham,CT,Repaint,3,59,47,50,615,685,2950,2350,3565,3035,4349.3,1314.3,0.3022,-12.0,-600.0,70.0,-530,-0.1487,0,0.22
J361,2025-06-14,2025.0,Q2,6.0,June,Summer,Taylor Rossi,4805 Washington Dr,Kingston,MA,New Construction,4,92,104,90,7286,8629,8280,9360,15566,17989,21792.4,3803.4,0.1745,12.0,1080.0,1343.0,2423,0.1557,1,0.4
J362,2025-09-03,2025.0,Q3,9.0,September,Fall,Pat Johnson,304 Maple Dr,Scituate,NH,Repaint,3,70,68,75,988,1131,5250,5100,6238,6231,7360.84,1129.84,0.1535,-2.0,-150.0,143.0,-7,-0.0011,0,0.18
J363,2025-07-18,2025.0,Q3,7.0,July,Summer,Casey McCarthy,5362 Maple Blvd,Needham,CT,Exterior Repaint,3,56,56,73,5970,5201,4088,4088,10058,9289,12773.66,3484.66,0.2728,0.0,0.0,-769.0,-769,-0.0765,0,0.27
J364,2025-06-15,2025.0,Q2,6.0,June,Summer,Taylor Baker,7501 Prospect St,Duxbury,RI,Interior Repaint,4,59,69,64,2487,2865,3776,4416,6263,7281,8267.16,986.16,0.1193,10.0,640.0,378.0,1018,0.1625,1,0.32
J365,2025-12-17,2025.0,Q4,12.0,December,Winter,Riley McCarthy,4809 Pine Rd,Braintree,CT,Patching,1,17,16,63,359,367,1071,1008,1430,1375,1830.4,455.4,0.2488,-1.0,-63.0,8.0,-55,-0.0385,0,0.28
J366,2025-12-23,2025.0,Q4,12.0,December,Winter,Riley O'Neil,9655 Maple Dr,Weymouth,MA,Exterior Repaint,3,115,118,60,5865,3892,6900,7080,12765,10972,15956.25,4984.25,0.3124,3.0,180.0,-1973.0,-1793,-0.1405,0,0.25
J367,2025-12-07,2025.0,Q4,12.0,December,Winter,Sam Mansfield,3165 Elm Rd,Dedham,NH,Repaint,4,32,34,73,1498,1857,2336,2482,3834,4339,4332.42,-6.58,-0.0015,2.0,146.0,359.0,505,0.1317,1,0.13
J368,2025-07-10,2025.0,Q3,7.0,July,Summer,Jordan O'Neil,1990 Oak St,Newton,CT,Patching,1,19,15,65,1083,1005,1235,975,2318,1980,2735.24,755.24,0.2761,-4.0,-260.0,-78.0,-338,-0.1458,0,0.18
J369,2025-12-30,2025.0,Q4,12.0,December,Winter,Sam McCarthy,8721 Prospect Ct,Randolph,CT,Repaint,3,34,49,69,2080,1522,2346,3381,4426,4903,4912.86,9.86,0.002,15.0,1035.0,-558.0,477,0.1078,1,0.11
J370,2025-12-25,2025.0,Q4,12.0,December,Winter,Alex Mansfield,7735 Park Ct,Scituate,NH,Repaint,4,22,21,68,777,931,1496,1428,2273,2359,2704.87,345.87,0.1279,-1.0,-68.0,154.0,86,0.0378,1,0.19
